PassengerId,Survived,Pclass,Name,Sex,Age,SibSp,Parch,Ticket,Fare,Cabin,Embarked,Ticket_Count,Fare_PerPassenger,NameTitle,NumFamily,CompleteInfo,CabinLetter,CabinNumber,CabinLetter_Cohort,CabinLetter_Cohort_DT,CabinLetter_Cohort_ECLF,CabinNumber_Group
1,0,3,"Braund, Mr. Owen Harris",0,22.0,1,0,A/5 21171,7.25,,S,1,7.25,Mr,1,0,,,,4,4,
2,1,1,"Cumings, Mrs. John Bradley (Florence Briggs Thayer)",1,38.0,1,0,PC 17599,71.2833,C85,C,1,71.2833,Mrs,1,1,C,85,2,2,2,0.833
3,1,3,"Heikkinen, Miss. Laina",1,26.0,0,0,STON/O2. 3101282,7.925,,S,1,7.925,Miss,0,0,,,,4,4,
4,1,1,"Futrelle, Mrs. Jacques Heath (Lily May Peel)",1,35.0,1,0,113803,53.1,C123,S,2,26.55,Mrs,1,1,C,123,2,2,2,1.0
5,0,3,"Allen, Mr. William Henry",0,35.0,0,0,373450,8.05,,S,1,8.05,Mr,0,0,,,,4,4,
6,0,3,"Moran, Mr. James",0,24.07,0,0,330877,8.4583,,Q,1,8.4583,Mr,0,0,,,,4,4,
7,0,1,"McCarthy, Mr. Timothy J",0,54.0,0,0,17463,51.8625,E46,S,1,51.8625,Mr,0,1,E,46,4,4,4,0.667
8,0,3,"Palsson, Master. Gosta Leonard",0,2.0,3,1,349909,21.075,,S,4,5.26875,Master,4,0,,,,4,4,
9,1,3,"Johnson, Mrs. Oscar W (Elisabeth Vilhelmina Berg)",1,27.0,0,2,347742,11.1333,,S,3,3.7111,Mrs,2,0,,,,4,4,
10,1,2,"Nasser, Mrs. Nicholas (Adele Achem)",1,14.0,1,0,237736,30.0708,,C,2,15.0354,Mrs,1,0,,,,3,3,
11,1,3,"Sandstrom, Miss. Marguerite Rut",1,4.0,1,1,PP 9549,16.7,G6,S,2,8.35,Miss,2,1,G,6,,4,4,0.167
12,1,1,"Bonnell, Miss. Elizabeth",1,58.0,0,0,113783,26.55,C103,S,1,26.55,Miss,0,1,C,103,2,2,2,1.0
13,0,3,"Saundercock, Mr. William Henry",0,20.0,0,0,A/5. 2151,8.05,,S,1,8.05,Mr,0,0,,,,4,4,
14,0,3,"Andersson, Mr. Anders Johan",0,39.0,1,5,347082,31.275,,S,7,4.4678571428571425,Mr,6,0,,,,4,4,
15,0,3,"Vestrom, Miss. Hulda Amanda Adolfina",1,14.0,0,0,350406,7.8542,,S,1,7.8542,Miss,0,0,,,,4,4,
16,1,2,"Hewlett, Mrs. (Mary D Kingcome) ",1,55.0,0,0,248706,16.0,,S,1,16.0,Mrs,0,0,,,,3,3,
17,0,3,"Rice, Master. Eugene",0,2.0,4,1,382652,29.125,,Q,5,5.825,Master,5,0,,,,4,4,
18,1,2,"Williams, Mr. Charles Eugene",0,31.770852585193243,0,0,244373,13.0,,S,1,13.0,Mr,0,0,,,,3,3,
19,0,3,"Vander Planke, Mrs. Julius (Emelia Maria Vandemoortele)",1,31.0,1,0,345763,18.0,,S,1,18.0,Mrs,1,0,,,,3,3,
20,1,3,"Masselmani, Mrs. Fatima",1,34.99314285714285,0,0,2649,7.225,,C,1,7.225,Mrs,0,0,,,,4,4,
21,0,2,"Fynney, Mr. Joseph J",0,35.0,0,0,239865,26.0,,S,2,13.0,Mr,0,0,,,,3,3,
22,1,2,"Beesley, Mr. Lawrence",0,34.0,0,0,248698,13.0,D56,S,1,13.0,Mr,0,1,D,56,3,3,3,0.667
23,1,3,"McGowan, Miss. Anna ""Annie""",1,15.0,0,0,330923,8.0292,,Q,1,8.0292,Miss,0,0,,,,4,4,
24,1,1,"Sloper, Mr. William Thompson",0,28.0,0,0,113788,35.5,A6,S,1,35.5,Mr,0,1,A,6,,2,2,0.167
25,0,3,"Palsson, Miss. Torborg Danira",1,8.0,3,1,349909,21.075,,S,4,5.26875,Miss,4,0,,,,4,4,
26,1,3,"Asplund, Mrs. Carl Oscar (Selma Augusta Emilia Johansson)",1,38.0,1,5,347077,31.3875,,S,4,7.846875,Mrs,6,0,,,,4,4,
27,0,3,"Emir, Mr. Farred Chehab",0,32.72380753968253,0,0,2631,7.225,,C,1,7.225,Mr,0,0,,,,4,4,
28,0,1,"Fortune, Mr. Charles Alexander",0,19.0,3,2,19950,263.0,C23 C25 C27,S,4,65.75,Mr,5,1,C,25,2,2,2,0.333
29,1,3,"O'Dwyer, Miss. Ellen ""Nellie""",1,21.496166666666667,0,0,330959,7.8792,,Q,1,7.8792,Miss,0,0,,,,4,4,
30,0,3,"Todoroff, Mr. Lalio",0,27.960240524614342,0,0,349216,7.8958,,S,1,7.8958,Mr,0,0,,,,4,4,
31,0,1,"Uruchurtu, Don. Manuel E",0,40.0,0,0,PC 17601,27.7208,,C,1,27.7208,Don,0,0,,,,4,2,
32,1,1,"Spencer, Mrs. William Augustus (Marie Eugenie)",1,45.75,1,0,PC 17569,146.5208,B78,C,2,73.2604,Mrs,1,0,B,78,1,1,1,0.833
33,1,3,"Glynn, Miss. Mary Agatha",1,26.05045508658009,0,0,335677,7.75,,Q,1,7.75,Miss,0,0,,,,4,4,
34,0,2,"Wheadon, Mr. Edward H",0,66.0,0,0,C.A. 24579,10.5,,S,1,10.5,Mr,0,0,,,,4,4,
35,0,1,"Meyer, Mr. Edgar Joseph",0,28.0,1,0,PC 17604,82.1708,,C,2,41.0854,Mr,1,0,,,,2,2,
36,0,1,"Holverson, Mr. Alexander Oskar",0,42.0,1,0,113789,52.0,,S,2,26.0,Mr,1,0,,,,2,2,
37,1,3,"Mamee, Mr. Hanna",0,24.660543650793652,0,0,2677,7.2292,,C,1,7.2292,Mr,0,0,,,,4,4,
38,0,3,"Cann, Mr. Ernest Charles",0,21.0,0,0,A./5. 2152,8.05,,S,1,8.05,Mr,0,0,,,,4,4,
39,0,3,"Vander Planke, Miss. Augusta Maria",1,18.0,2,0,345764,18.0,,S,2,9.0,Miss,2,0,,,,4,4,
40,1,3,"Nicola-Yarred, Miss. Jamila",1,14.0,1,0,2651,11.2417,,C,2,5.62085,Miss,1,0,,,,4,4,
41,0,3,"Ahlin, Mrs. Johan (Johanna Persdotter Larsson)",1,40.0,1,0,7546,9.475,,S,1,9.475,Mrs,1,0,,,,4,4,
42,0,2,"Turpin, Mrs. William John Robert (Dorothy Ann Wonnacott)",1,27.0,1,0,11668,21.0,,S,2,10.5,Mrs,1,0,,,,4,4,
43,0,3,"Kraeff, Mr. Theodor",0,27.960240524614342,0,0,349253,7.8958,,C,1,7.8958,Mr,0,0,,,,4,4,
44,1,2,"Laroche, Miss. Simonne Marie Anne Andree",1,3.0,1,2,SC/Paris 2123,41.5792,,C,3,13.859733333333333,Miss,3,0,,,,3,3,
45,1,3,"Devaney, Miss. Margaret Delia",1,19.0,0,0,330958,7.8792,,Q,1,7.8792,Miss,0,0,,,,4,4,
46,0,3,"Rogers, Mr. William John",0,30.407091360383024,0,0,S.C./A.4. 23567,8.05,,S,1,8.05,Mr,0,0,,,,4,4,
47,0,3,"Lennon, Mr. Denis",0,31.2,1,0,370371,15.5,,Q,1,15.5,Mr,1,0,,,,3,3,
48,1,3,"O'Driscoll, Miss. Bridget",1,26.05045508658009,0,0,14311,7.75,,Q,1,7.75,Miss,0,0,,,,4,4,
49,0,3,"Samaan, Mr. Youssef",0,35.33678571428572,2,0,2662,21.6792,,C,1,21.6792,Mr,2,0,,,,3,3,
50,0,3,"Arnold-Franchi, Mrs. Josef (Josefine Franchi)",1,18.0,1,0,349237,17.8,,S,2,8.9,Mrs,1,0,,,,4,4,
51,0,3,"Panula, Master. Juha Niilo",0,7.0,4,1,3101295,39.6875,,S,6,6.614583333333333,Master,5,0,,,,4,4,
52,0,3,"Nosworthy, Mr. Richard Cater",0,21.0,0,0,A/4. 39886,7.8,,S,1,7.8,Mr,0,0,,,,4,4,
53,1,1,"Harper, Mrs. Henry Sleeper (Myna Haxtun)",1,49.0,1,0,PC 17572,76.7292,D33,C,3,25.576400000000003,Mrs,1,1,D,33,3,3,3,0.5
54,1,2,"Faunthorpe, Mrs. Lizzie (Elizabeth Anne Wilkinson)",1,29.0,1,0,2926,26.0,,S,1,26.0,Mrs,1,0,,,,2,2,
55,0,1,"Ostby, Mr. Engelhart Cornelius",0,65.0,0,1,113509,61.9792,B30,C,1,61.9792,Mr,1,1,B,30,1,1,1,0.5
56,1,1,"Woolner, Mr. Hugh",0,39.17416666666666,0,0,19947,35.5,C52,S,1,35.5,Mr,0,0,C,52,2,2,2,0.667
57,1,2,"Rugg, Miss. Emily",1,21.0,0,0,C.A. 31026,10.5,,S,1,10.5,Miss,0,0,,,,4,4,
58,0,3,"Novel, Mr. Mansouer",0,28.5,0,0,2697,7.2292,,C,1,7.2292,Mr,0,0,,,,4,4,
59,1,2,"West, Miss. Constance Mirium",1,5.0,1,2,C.A. 34651,27.75,,S,3,9.25,Miss,3,0,,,,4,4,
60,0,3,"Goodwin, Master. William Frederick",0,11.0,5,2,CA 2144,46.9,,S,6,7.816666666666666,Master,7,0,,,,4,4,
61,0,3,"Sirayanian, Mr. Orsen",0,22.0,0,0,2669,7.2292,,C,1,7.2292,Mr,0,0,,,,4,4,
62,1,1,"Icard, Miss. Amelie",1,38.0,0,0,113572,80.0,B28,S,2,40.0,Miss,0,0,B,28,1,1,1,0.333
63,0,1,"Harris, Mr. Henry Birkhardt",0,45.0,1,0,36973,83.475,C83,S,2,41.7375,Mr,1,1,C,83,2,2,2,0.833
64,0,3,"Skoog, Master. Harald",0,4.0,3,2,347088,27.9,,S,6,4.6499999999999995,Master,5,0,,,,4,4,
65,0,1,"Stewart, Mr. Albert A",0,38.16155337717838,0,0,PC 17605,27.7208,,C,1,27.7208,Mr,0,0,,,,4,2,
66,1,3,"Moubarek, Master. Gerios",0,6.064933333333333,1,1,2661,15.2458,,C,2,7.6229,Master,2,0,,,,4,4,
67,1,2,"Nye, Mrs. (Elizabeth Ramell)",1,29.0,0,0,C.A. 29395,10.5,F33,S,1,10.5,Mrs,0,1,F,33,,4,4,0.5
68,0,3,"Crease, Mr. Ernest James",0,19.0,0,0,S.P. 3464,8.1583,,S,1,8.1583,Mr,0,0,,,,4,4,
69,1,3,"Andersson, Miss. Erna Alexandra",1,17.0,4,2,3101281,7.925,,S,1,7.925,Miss,6,0,,,,4,4,
70,0,3,"Kink, Mr. Vincenz",0,26.0,2,0,315151,8.6625,,S,1,8.6625,Mr,2,0,,,,4,4,
71,0,2,"Jenkin, Mr. Stephen Curnow",0,32.0,0,0,C.A. 33111,10.5,,S,1,10.5,Mr,0,0,,,,4,4,
72,0,3,"Goodwin, Miss. Lillian Amy",1,16.0,5,2,CA 2144,46.9,,S,6,7.816666666666666,Miss,7,0,,,,4,4,
73,0,2,"Hood, Mr. Ambrose Jr",0,21.0,0,0,S.O.C. 14879,73.5,,S,5,14.7,Mr,0,0,,,,3,3,
74,0,3,"Chronopoulos, Mr. Apostolos",0,26.0,1,0,2680,14.4542,,C,1,14.4542,Mr,1,0,,,,3,3,
75,1,3,"Bing, Mr. Lee",0,32.0,0,0,1601,56.4958,,S,7,8.070828571428573,Mr,0,0,,,,4,4,
76,0,3,"Moen, Mr. Sigurd Hansen",0,25.0,0,0,348123,7.65,F G73,S,1,7.65,Mr,0,1,GF,73,,4,4,0.833
77,0,3,"Staneff, Mr. Ivan",0,27.960240524614342,0,0,349208,7.8958,,S,1,7.8958,Mr,0,0,,,,4,4,
78,0,3,"Moutal, Mr. Rahamin Haim",0,30.407091360383024,0,0,374746,8.05,,S,1,8.05,Mr,0,0,,,,4,4,
79,1,2,"Caldwell, Master. Alden Gates",0,0.83,0,2,248738,29.0,,S,2,14.5,Master,2,0,,,,3,3,
80,1,3,"Dowdell, Miss. Elizabeth",1,30.0,0,0,364516,12.475,,S,2,6.2375,Miss,0,0,,,,4,4,
81,0,3,"Waelens, Mr. Achille",0,22.0,0,0,345767,9.0,,S,1,9.0,Mr,0,0,,,,4,4,
82,1,3,"Sheerlinck, Mr. Jan Baptist",0,29.0,0,0,345779,9.5,,S,1,9.5,Mr,0,0,,,,4,4,
83,1,3,"McDermott, Miss. Brigdet Delia",1,21.659880952380956,0,0,330932,7.7875,,Q,1,7.7875,Miss,0,0,,,,4,4,
84,0,1,"Carrau, Mr. Francisco M",0,28.0,0,0,113059,47.1,,S,1,47.1,Mr,0,0,,,,2,2,
85,1,2,"Ilett, Miss. Bertha",1,17.0,0,0,SO/C 14885,10.5,,S,1,10.5,Miss,0,0,,,,4,4,
86,1,3,"Backstrom, Mrs. Karl Alfred (Maria Mathilda Gustafsson)",1,33.0,3,0,3101278,15.85,,S,2,7.925,Mrs,3,0,,,,4,4,
87,0,3,"Ford, Mr. William Neal",0,16.0,1,3,W./C. 6608,34.375,,S,4,8.59375,Mr,4,0,,,,4,4,
88,0,3,"Slocovski, Mr. Selman Francis",0,30.407091360383024,0,0,SOTON/OQ 392086,8.05,,S,1,8.05,Mr,0,0,,,,4,4,
89,1,1,"Fortune, Miss. Mabel Helen",1,23.0,3,2,19950,263.0,C23 C25 C27,S,4,65.75,Miss,5,1,C,25,2,2,2,0.333
90,0,3,"Celotti, Mr. Francesco",0,24.0,0,0,343275,8.05,,S,1,8.05,Mr,0,0,,,,4,4,
91,0,3,"Christmann, Mr. Emil",0,29.0,0,0,343276,8.05,,S,1,8.05,Mr,0,0,,,,4,4,
92,0,3,"Andreasson, Mr. Paul Edvin",0,20.0,0,0,347466,7.8542,,S,1,7.8542,Mr,0,0,,,,4,4,
93,0,1,"Chaffee, Mr. Herbert Fuller",0,46.0,1,0,W.E.P. 5734,61.175,E31,S,1,61.175,Mr,1,1,E,31,4,4,4,0.5
94,0,3,"Dean, Mr. Bertram Frank",0,26.0,1,2,C.A. 2315,20.575,,S,2,10.2875,Mr,3,0,,,,4,4,
95,0,3,"Coxon, Mr. Daniel",0,59.0,0,0,364500,7.25,,S,1,7.25,Mr,0,0,,,,4,4,
96,0,3,"Shorney, Mr. Charles Joseph",0,30.407091360383024,0,0,374910,8.05,,S,1,8.05,Mr,0,0,,,,4,4,
97,0,1,"Goldschmidt, Mr. George B",0,71.0,0,0,PC 17754,34.6542,A5,C,1,34.6542,Mr,0,1,A,5,,2,1,0.167
98,1,1,"Greenfield, Mr. William Bertram",0,23.0,0,1,PC 17759,63.3583,D10 D12,C,1,63.3583,Mr,1,1,D,11,3,3,3,0.167
99,1,2,"Doling, Mrs. John T (Ada Julia Bone)",1,34.0,0,1,231919,23.0,,S,2,11.5,Mrs,1,0,,,,4,4,
100,0,2,"Kantor, Mr. Sinai",0,34.0,1,0,244367,26.0,,S,2,13.0,Mr,1,0,,,,3,3,
101,0,3,"Petranec, Miss. Matilda",1,28.0,0,0,349245,7.8958,,S,1,7.8958,Miss,0,0,,,,4,4,
102,0,3,"Petroff, Mr. Pastcho (""Pentcho"")",0,27.960240524614342,0,0,349215,7.8958,,S,1,7.8958,Mr,0,0,,,,4,4,
103,0,1,"White, Mr. Richard Frasar",0,21.0,0,1,35281,77.2875,D26,S,2,38.64375,Mr,1,1,D,26,3,3,3,0.333
104,0,3,"Johansson, Mr. Gustaf Joel",0,33.0,0,0,7540,8.6542,,S,1,8.6542,Mr,0,0,,,,4,4,
105,0,3,"Gustafsson, Mr. Anders Vilhelm",0,37.0,2,0,3101276,7.925,,S,1,7.925,Mr,2,0,,,,4,4,
106,0,3,"Mionoff, Mr. Stoytcho",0,28.0,0,0,349207,7.8958,,S,1,7.8958,Mr,0,0,,,,4,4,
107,1,3,"Salkjelsvik, Miss. Anna Kristine",1,21.0,0,0,343120,7.65,,S,1,7.65,Miss,0,0,,,,4,4,
108,1,3,"Moss, Mr. Albert Johan",0,29.837528887778895,0,0,312991,7.775,,S,1,7.775,Mr,0,0,,,,4,4,
109,0,3,"Rekic, Mr. Tido",0,38.0,0,0,349249,7.8958,,S,1,7.8958,Mr,0,0,,,,4,4,
110,1,3,"Moran, Miss. Bertha",1,17.997666666666664,1,0,371110,24.15,,Q,3,8.049999999999999,Miss,1,0,,,,4,4,
111,0,1,"Porter, Mr. Walter Chamberlain",0,47.0,0,0,110465,52.0,C110,S,2,26.0,Mr,0,1,C,110,2,2,2,1.0
112,0,3,"Zabour, Miss. Hileni",1,14.5,1,0,2665,14.4542,,C,2,7.2271,Miss,1,0,,,,4,4,
113,0,3,"Barton, Mr. David John",0,22.0,0,0,324669,8.05,,S,1,8.05,Mr,0,0,,,,4,4,
114,0,3,"Jussila, Miss. Katriina",1,20.0,1,0,4136,9.825,,S,1,9.825,Miss,1,0,,,,4,4,
115,0,3,"Attalah, Miss. Malake",1,17.0,0,0,2627,14.4583,,C,2,7.22915,Miss,0,0,,,,4,4,
116,0,3,"Pekoniemi, Mr. Edvard",0,21.0,0,0,STON/O 2. 3101294,7.925,,S,1,7.925,Mr,0,0,,,,4,4,
117,0,3,"Connors, Mr. Patrick",0,70.5,0,0,370369,7.75,,Q,1,7.75,Mr,0,0,,,,4,4,
118,0,2,"Turpin, Mr. William John Robert",0,29.0,1,0,11668,21.0,,S,2,10.5,Mr,1,0,,,,4,4,
119,0,1,"Baxter, Mr. Quigg Edmond",0,24.0,0,1,PC 17558,247.5208,B58 B60,C,2,123.7604,Mr,1,1,B,59,1,1,1,0.667
120,0,3,"Andersson, Miss. Ellis Anna Maria",1,2.0,4,2,347082,31.275,,S,7,4.4678571428571425,Miss,6,0,,,,4,4,
121,0,2,"Hickman, Mr. Stanley George",0,21.0,2,0,S.O.C. 14879,73.5,,S,5,14.7,Mr,2,0,,,,3,3,
122,0,3,"Moore, Mr. Leonard Charles",0,30.407091360383024,0,0,A4. 54510,8.05,,S,1,8.05,Mr,0,0,,,,4,4,
123,0,2,"Nasser, Mr. Nicholas",0,32.5,1,0,237736,30.0708,,C,2,15.0354,Mr,1,0,,,,3,3,
124,1,2,"Webber, Miss. Susan",1,32.5,0,0,27267,13.0,E101,S,1,13.0,Miss,0,1,E,101,4,4,4,1.0
125,0,1,"White, Mr. Percival Wayland",0,54.0,0,1,35281,77.2875,D26,S,2,38.64375,Mr,1,1,D,26,3,3,3,0.333
126,1,3,"Nicola-Yarred, Master. Elias",0,12.0,1,0,2651,11.2417,,C,2,5.62085,Master,1,0,,,,4,4,
127,0,3,"McMahon, Mr. Martin",0,42.06354456654457,0,0,370372,7.75,,Q,1,7.75,Mr,0,0,,,,4,4,
128,1,3,"Madsen, Mr. Fridtjof Arne",0,24.0,0,0,C 17369,7.1417,,S,1,7.1417,Mr,0,0,,,,4,4,
129,1,3,"Peter, Miss. Anna",1,6.28,1,1,2668,22.3583,F E69,C,2,11.17915,Miss,2,0,EF,69,,4,4,0.833
130,0,3,"Ekstrom, Mr. Johan",0,45.0,0,0,347061,6.975,,S,1,6.975,Mr,0,0,,,,4,4,
131,0,3,"Drazenoic, Mr. Jozef",0,33.0,0,0,349241,7.8958,,C,1,7.8958,Mr,0,0,,,,4,4,
132,0,3,"Coelho, Mr. Domingos Fernandeo",0,20.0,0,0,SOTON/O.Q. 3101307,7.05,,S,1,7.05,Mr,0,0,,,,4,4,
133,0,3,"Robins, Mrs. Alexander A (Grace Charity Laury)",1,47.0,1,0,A/5. 3337,14.5,,S,1,14.5,Mrs,1,0,,,,3,3,
134,1,2,"Weisz, Mrs. Leopold (Mathilde Francoise Pede)",1,29.0,1,0,228414,26.0,,S,1,26.0,Mrs,1,0,,,,2,2,
135,0,2,"Sobey, Mr. Samuel James Hayden",0,25.0,0,0,C.A. 29178,13.0,,S,1,13.0,Mr,0,0,,,,3,3,
136,0,2,"Richard, Mr. Emile",0,23.0,0,0,SC/PARIS 2133,15.0458,,C,1,15.0458,Mr,0,0,,,,3,3,
137,1,1,"Newsom, Miss. Helen Monypeny",1,19.0,0,2,11752,26.2833,D47,S,1,26.2833,Miss,2,1,D,47,3,3,3,0.667
138,0,1,"Futrelle, Mr. Jacques Heath",0,37.0,1,0,113803,53.1,C123,S,2,26.55,Mr,1,1,C,123,2,2,2,1.0
139,0,3,"Osen, Mr. Olaf Elon",0,16.0,0,0,7534,9.2167,,S,2,4.60835,Mr,0,0,,,,4,4,
140,0,1,"Giglio, Mr. Victor",0,24.0,0,0,PC 17593,79.2,B86,C,2,39.6,Mr,0,1,B,86,1,1,1,0.833
141,0,3,"Boulos, Mrs. Joseph (Sultana)",1,31.963297619047623,0,2,2678,15.2458,,C,2,7.6229,Mrs,2,0,,,,4,4,
142,1,3,"Nysten, Miss. Anna Sofia",1,22.0,0,0,347081,7.75,,S,1,7.75,Miss,0,0,,,,4,4,
143,1,3,"Hakkarainen, Mrs. Pekka Pietari (Elin Matilda Dolck)",1,24.0,1,0,STON/O2. 3101279,15.85,,S,2,7.925,Mrs,1,0,,,,4,4,
144,0,3,"Burke, Mr. Jeremiah",0,19.0,0,0,365222,6.75,,Q,1,6.75,Mr,0,0,,,,4,4,
145,0,2,"Andrew, Mr. Edgardo Samuel",0,18.0,0,0,231945,11.5,,S,1,11.5,Mr,0,0,,,,4,4,
146,0,2,"Nicholls, Mr. Joseph Charles",0,19.0,1,1,C.A. 33112,36.75,,S,2,18.375,Mr,2,0,,,,3,3,
147,1,3,"Andersson, Mr. August Edvard (""Wennerstrom"")",0,27.0,0,0,350043,7.7958,,S,1,7.7958,Mr,0,0,,,,4,4,
148,0,3,"Ford, Miss. Robina Maggie ""Ruby""",1,9.0,2,2,W./C. 6608,34.375,,S,4,8.59375,Miss,4,0,,,,4,4,
149,0,2,"Navratil, Mr. Michel (""Louis M Hoffman"")",0,36.5,0,2,230080,26.0,F2,S,3,8.666666666666666,Mr,2,1,F,2,,4,4,0.167
150,0,2,"Byles, Rev. Thomas Roussel Davids",0,42.0,0,0,244310,13.0,,S,1,13.0,Rev,0,0,,,,3,3,
151,0,2,"Bateman, Rev. Robert James",0,51.0,0,0,S.O.P. 1166,12.525,,S,1,12.525,Rev,0,0,,,,4,4,
152,1,1,"Pears, Mrs. Thomas (Edith Wearne)",1,22.0,1,0,113776,66.6,C2,S,2,33.3,Mrs,1,1,C,2,2,2,2,0.167
153,0,3,"Meo, Mr. Alfonzo",0,55.5,0,0,A.5. 11206,8.05,,S,1,8.05,Mr,0,0,,,,4,4,
154,0,3,"van Billiard, Mr. Austin Blyler",0,40.5,0,2,A/5. 851,14.5,,S,1,14.5,Mr,2,0,,,,3,3,
155,0,3,"Olsen, Mr. Ole Martin",0,29.890370865245867,0,0,Fa 265302,7.3125,,S,1,7.3125,Mr,0,0,,,,4,4,
156,0,1,"Williams, Mr. Charles Duane",0,51.0,0,1,PC 17597,61.3792,,C,1,61.3792,Mr,1,0,,,,2,2,
157,1,3,"Gilnagh, Miss. Katherine ""Katie""",1,16.0,0,0,35851,7.7333,,Q,1,7.7333,Miss,0,0,,,,4,4,
158,0,3,"Corn, Mr. Harry",0,30.0,0,0,SOTON/OQ 392090,8.05,,S,1,8.05,Mr,0,0,,,,4,4,
159,0,3,"Smiljanic, Mr. Mile",0,25.559393439893437,0,0,315037,8.6625,,S,1,8.6625,Mr,0,0,,,,4,4,
160,0,3,"Sage, Master. Thomas Henry",0,6.171595238095238,8,2,CA. 2343,69.55,,S,7,9.935714285714285,Master,10,0,,,,4,4,
161,0,3,"Cribb, Mr. John Hatfield",0,44.0,0,1,371362,16.1,,S,1,16.1,Mr,1,0,,,,3,3,
162,1,2,"Watt, Mrs. James (Elizabeth ""Bessie"" Inglis Milne)",1,40.0,0,0,C.A. 33595,15.75,,S,1,15.75,Mrs,0,0,,,,3,3,
163,0,3,"Bengtsson, Mr. John Viktor",0,26.0,0,0,347068,7.775,,S,1,7.775,Mr,0,0,,,,4,4,
164,0,3,"Calic, Mr. Jovo",0,17.0,0,0,315093,8.6625,,S,1,8.6625,Mr,0,0,,,,4,4,
165,0,3,"Panula, Master. Eino Viljami",0,1.0,4,1,3101295,39.6875,,S,6,6.614583333333333,Master,5,0,,,,4,4,
166,1,3,"Goldsmith, Master. Frank John William ""Frankie""",0,9.0,0,2,363291,20.525,,S,3,6.841666666666666,Master,2,0,,,,4,4,
167,1,1,"Chibnall, Mrs. (Edith Martha Bowerman)",1,42.26708333333334,0,1,113505,55.0,E33,S,2,27.5,Mrs,1,0,E,33,4,4,4,0.5
168,0,3,"Skoog, Mrs. William (Anna Bernhardina Karlsson)",1,45.0,1,4,347088,27.9,,S,6,4.6499999999999995,Mrs,5,0,,,,4,4,
169,0,1,"Baumann, Mr. John D",0,50.89466666666667,0,0,PC 17318,25.925,,S,1,25.925,Mr,0,0,,,,3,3,
170,0,3,"Ling, Mr. Lee",0,28.0,0,0,1601,56.4958,,S,7,8.070828571428573,Mr,0,0,,,,4,4,
171,0,1,"Van der hoef, Mr. Wyckoff",0,61.0,0,0,111240,33.5,B19,S,1,33.5,Mr,0,1,B,19,1,1,1,0.333
172,0,3,"Rice, Master. Arthur",0,4.0,4,1,382652,29.125,,Q,5,5.825,Master,5,0,,,,4,4,
173,1,3,"Johnson, Miss. Eleanor Ileen",1,1.0,1,1,347742,11.1333,,S,3,3.7111,Miss,2,0,,,,4,4,
174,0,3,"Sivola, Mr. Antti Wilhelm",0,21.0,0,0,STON/O 2. 3101280,7.925,,S,1,7.925,Mr,0,0,,,,4,4,
175,0,1,"Smith, Mr. James Clinch",0,56.0,0,0,17764,30.6958,A7,C,1,30.6958,Mr,0,1,A,7,,2,2,0.167
176,0,3,"Klasen, Mr. Klas Albin",0,18.0,1,1,350404,7.8542,,S,1,7.8542,Mr,2,0,,,,4,4,
177,0,3,"Lefebre, Master. Henry Forbes",0,3.135022619047619,3,1,4133,25.4667,,S,4,6.366675,Master,4,0,,,,4,4,
178,0,1,"Isham, Miss. Ann Elizabeth",1,50.0,0,0,PC 17595,28.7125,C49,C,1,28.7125,Miss,0,1,C,49,2,2,2,0.667
179,0,2,"Hale, Mr. Reginald",0,30.0,0,0,250653,13.0,,S,1,13.0,Mr,0,0,,,,3,3,
180,0,3,"Leonard, Mr. Lionel",0,36.0,0,0,LINE,0.0,,S,4,0.0,Mr,0,0,,,,4,4,
181,0,3,"Sage, Miss. Constance Gladys",1,12.981428571428573,8,2,CA. 2343,69.55,,S,7,9.935714285714285,Miss,10,0,,,,4,4,
182,0,2,"Pernot, Mr. Rene",0,28.27416666666667,0,0,SC/PARIS 2131,15.05,,C,1,15.05,Mr,0,0,,,,3,3,
183,0,3,"Asplund, Master. Clarence Gustaf Hugo",0,9.0,4,2,347077,31.3875,,S,4,7.846875,Master,6,0,,,,4,4,
184,1,2,"Becker, Master. Richard F",0,1.0,2,1,230136,39.0,F4,S,2,19.5,Master,3,1,F,4,,3,3,0.167
185,1,3,"Kink-Heilmann, Miss. Luise Gretchen",1,4.0,0,2,315153,22.025,,S,1,22.025,Miss,2,0,,,,3,3,
186,0,1,"Rood, Mr. Hugh Roscoe",0,59.52,0,0,113767,50.0,A32,S,1,50.0,Mr,0,0,A,32,,2,2,0.5
187,1,3,"O'Brien, Mrs. Thomas (Johanna ""Hannah"" Godfrey)",1,30.674183621933626,1,0,370365,15.5,,Q,2,7.75,Mrs,1,0,,,,4,4,
188,1,1,"Romaine, Mr. Charles Hallace (""Mr C Rolmane"")",0,45.0,0,0,111428,26.55,,S,1,26.55,Mr,0,0,,,,4,4,
189,0,3,"Bourke, Mr. John",0,40.0,1,1,364849,15.5,,Q,2,7.75,Mr,2,0,,,,4,4,
190,0,3,"Turcin, Mr. Stjepan",0,36.0,0,0,349247,7.8958,,S,1,7.8958,Mr,0,0,,,,4,4,
191,1,2,"Pinsky, Mrs. (Rosa)",1,32.0,0,0,234604,13.0,,S,1,13.0,Mrs,0,0,,,,3,3,
192,0,2,"Carbines, Mr. William",0,19.0,0,0,28424,13.0,,S,1,13.0,Mr,0,0,,,,3,3,
193,1,3,"Andersen-Jensen, Miss. Carla Christine Nielsine",1,19.0,1,0,350046,7.8542,,S,1,7.8542,Miss,1,0,,,,4,4,
194,1,2,"Navratil, Master. Michel M",0,3.0,1,1,230080,26.0,F2,S,3,8.666666666666666,Master,2,1,F,2,,4,4,0.167
195,1,1,"Brown, Mrs. James Joseph (Margaret Tobin)",1,44.0,0,0,PC 17610,27.7208,B4,C,1,27.7208,Mrs,0,1,B,4,1,1,1,0.167
196,1,1,"Lurette, Miss. Elise",1,58.0,0,0,PC 17569,146.5208,B80,C,2,73.2604,Miss,0,1,B,80,1,1,1,0.833
197,0,3,"Mernagh, Mr. Robert",0,42.06354456654457,0,0,368703,7.75,,Q,1,7.75,Mr,0,0,,,,4,4,
198,0,3,"Olsen, Mr. Karl Siegwart Andreas",0,42.0,0,1,4579,8.4042,,S,1,8.4042,Mr,1,0,,,,4,4,
199,1,3,"Madigan, Miss. Margaret ""Maggie""",1,26.05045508658009,0,0,370370,7.75,,Q,1,7.75,Miss,0,0,,,,4,4,
200,0,2,"Yrois, Miss. Henriette (""Mrs Harbeck"")",1,24.0,0,0,248747,13.0,,S,1,13.0,Miss,0,0,,,,3,3,
201,0,3,"Vande Walle, Mr. Nestor Cyriel",0,28.0,0,0,345770,9.5,,S,1,9.5,Mr,0,0,,,,4,4,
202,0,3,"Sage, Mr. Frederick",0,16.783666666666665,8,2,CA. 2343,69.55,,S,7,9.935714285714285,Mr,10,0,,,,4,4,
203,0,3,"Johanson, Mr. Jakob Alfred",0,34.0,0,0,3101264,6.4958,,S,1,6.4958,Mr,0,0,,,,4,4,
204,0,3,"Youseff, Mr. Gerious",0,45.5,0,0,2628,7.225,,C,1,7.225,Mr,0,0,,,,4,4,
205,1,3,"Cohen, Mr. Gurshon ""Gus""",0,18.0,0,0,A/5 3540,8.05,,S,1,8.05,Mr,0,0,,,,4,4,
206,0,3,"Strom, Miss. Telma Matilda",1,2.0,0,1,347054,10.4625,G6,S,2,5.23125,Miss,1,1,G,6,,4,4,0.167
207,0,3,"Backstrom, Mr. Karl Alfred",0,32.0,1,0,3101278,15.85,,S,2,7.925,Mr,1,0,,,,4,4,
208,1,3,"Albimona, Mr. Nassef Cassem",0,26.0,0,0,2699,18.7875,,C,2,9.39375,Mr,0,0,,,,4,4,
209,1,3,"Carr, Miss. Helen ""Ellen""",1,16.0,0,0,367231,7.75,,Q,1,7.75,Miss,0,0,,,,4,4,
210,1,1,"Blank, Mr. Henry",0,40.0,0,0,112277,31.0,A31,C,1,31.0,Mr,0,1,A,31,,2,2,0.5
211,0,3,"Ali, Mr. Ahmed",0,24.0,0,0,SOTON/O.Q. 3101311,7.05,,S,1,7.05,Mr,0,0,,,,4,4,
212,1,2,"Cameron, Miss. Clear Annie",1,35.0,0,0,F.C.C. 13528,21.0,,S,1,21.0,Miss,0,0,,,,3,3,
213,0,3,"Perkin, Mr. John Henry",0,22.0,0,0,A/5 21174,7.25,,S,1,7.25,Mr,0,0,,,,4,4,
214,0,2,"Givard, Mr. Hans Kristensen",0,30.0,0,0,250646,13.0,,S,1,13.0,Mr,0,0,,,,3,3,
215,0,3,"Kiernan, Mr. Philip",0,36.250814935064945,1,0,367229,7.75,,Q,1,7.75,Mr,1,0,,,,4,4,
216,1,1,"Newell, Miss. Madeleine",1,31.0,1,0,35273,113.275,D36,C,3,37.75833333333333,Miss,1,1,D,36,3,3,3,0.5
217,1,3,"Honkanen, Miss. Eliina",1,27.0,0,0,STON/O2. 3101283,7.925,,S,1,7.925,Miss,0,0,,,,4,4,
218,0,2,"Jacobsohn, Mr. Sidney Samuel",0,42.0,1,0,243847,27.0,,S,2,13.5,Mr,1,0,,,,3,3,
219,1,1,"Bazzani, Miss. Albina",1,32.0,0,0,11813,76.2917,D15,C,1,76.2917,Miss,0,1,D,15,3,3,3,0.167
220,0,2,"Harris, Mr. Walter",0,30.0,0,0,W/C 14208,10.5,,S,1,10.5,Mr,0,0,,,,4,4,
221,1,3,"Sunderland, Mr. Victor Francis",0,16.0,0,0,SOTON/OQ 392089,8.05,,S,1,8.05,Mr,0,0,,,,4,4,
222,0,2,"Bracken, Mr. James H",0,27.0,0,0,220367,13.0,,S,1,13.0,Mr,0,0,,,,3,3,
223,0,3,"Green, Mr. George Henry",0,51.0,0,0,21440,8.05,,S,1,8.05,Mr,0,0,,,,4,4,
224,0,3,"Nenkoff, Mr. Christo",0,27.960240524614342,0,0,349234,7.8958,,S,1,7.8958,Mr,0,0,,,,4,4,
225,1,1,"Hoyt, Mr. Frederick Maxfield",0,38.0,1,0,19943,90.0,C93,S,2,45.0,Mr,1,1,C,93,2,2,2,1.0
226,0,3,"Berglund, Mr. Karl Ivar Sven",0,22.0,0,0,PP 4348,9.35,,S,1,9.35,Mr,0,0,,,,4,4,
227,1,2,"Mellors, Mr. William John",0,19.0,0,0,SW/PP 751,10.5,,S,1,10.5,Mr,0,0,,,,4,4,
228,0,3,"Lovell, Mr. John Hall (""Henry"")",0,20.5,0,0,A/5 21173,7.25,,S,1,7.25,Mr,0,0,,,,4,4,
229,0,2,"Fahlstrom, Mr. Arne Jonas",0,18.0,0,0,236171,13.0,,S,1,13.0,Mr,0,0,,,,3,3,
230,0,3,"Lefebre, Miss. Mathilde",1,6.651316666666666,3,1,4133,25.4667,,S,4,6.366675,Miss,4,0,,,,4,4,
231,1,1,"Harris, Mrs. Henry Birkhardt (Irene Wallach)",1,35.0,1,0,36973,83.475,C83,S,2,41.7375,Mrs,1,1,C,83,2,2,2,0.833
232,0,3,"Larsson, Mr. Bengt Edvin",0,29.0,0,0,347067,7.775,,S,1,7.775,Mr,0,0,,,,4,4,
233,0,2,"Sjostedt, Mr. Ernst Adolf",0,59.0,0,0,237442,13.5,,S,1,13.5,Mr,0,0,,,,3,3,
234,1,3,"Asplund, Miss. Lillian Gertrud",1,5.0,4,2,347077,31.3875,,S,4,7.846875,Miss,6,0,,,,4,4,
235,0,2,"Leyson, Mr. Robert William Norman",0,24.0,0,0,C.A. 29566,10.5,,S,1,10.5,Mr,0,0,,,,4,4,
236,0,3,"Harknett, Miss. Alice Phoebe",1,21.325843253968255,0,0,W./C. 6609,7.55,,S,1,7.55,Miss,0,0,,,,4,4,
237,0,2,"Hold, Mr. Stephen",0,44.0,1,0,26707,26.0,,S,1,26.0,Mr,1,0,,,,2,2,
238,1,2,"Collyer, Miss. Marjorie ""Lottie""",1,8.0,0,2,C.A. 31921,26.25,,S,3,8.75,Miss,2,0,,,,4,4,
239,0,2,"Pengelly, Mr. Frederick William",0,19.0,0,0,28665,10.5,,S,1,10.5,Mr,0,0,,,,4,4,
240,0,2,"Hunt, Mr. George Henry",0,33.0,0,0,SCO/W 1585,12.275,,S,1,12.275,Mr,0,0,,,,4,4,
241,0,3,"Zabour, Miss. Thamine",1,14.89,1,0,2665,14.4542,,C,2,7.2271,Miss,1,0,,,,4,4,
242,1,3,"Murphy, Miss. Katherine ""Kate""",1,24.167653499278508,1,0,367230,15.5,,Q,2,7.75,Miss,1,0,,,,4,4,
243,0,2,"Coleridge, Mr. Reginald Charles",0,29.0,0,0,W./C. 14263,10.5,,S,1,10.5,Mr,0,0,,,,4,4,
244,0,3,"Maenpaa, Mr. Matti Alexanteri",0,22.0,0,0,STON/O 2. 3101275,7.125,,S,1,7.125,Mr,0,0,,,,4,4,
245,0,3,"Attalah, Mr. Sleiman",0,30.0,0,0,2694,7.225,,C,1,7.225,Mr,0,0,,,,4,4,
246,0,1,"Minahan, Dr. William Edward",0,44.0,2,0,19928,90.0,C78,Q,2,45.0,Dr,2,1,C,78,2,2,2,0.833
247,0,3,"Lindahl, Miss. Agda Thorilda Viktoria",1,25.0,0,0,347071,7.775,,S,1,7.775,Miss,0,0,,,,4,4,
248,1,2,"Hamalainen, Mrs. William (Anna)",1,24.0,0,2,250649,14.5,,S,2,7.25,Mrs,2,0,,,,4,4,
249,1,1,"Beckwith, Mr. Richard Leonard",0,37.0,1,1,11751,52.5542,D35,S,2,26.2771,Mr,2,1,D,35,3,3,3,0.5
250,0,2,"Carter, Rev. Ernest Courtenay",0,54.0,1,0,244252,26.0,,S,2,13.0,Rev,1,0,,,,3,3,
251,0,3,"Reed, Mr. James George",0,29.890370865245867,0,0,362316,7.25,,S,1,7.25,Mr,0,0,,,,4,4,
252,0,3,"Strom, Mrs. Wilhelm (Elna Matilda Persson)",1,29.0,1,1,347054,10.4625,G6,S,2,5.23125,Mrs,2,1,G,6,,4,4,0.167
253,0,1,"Stead, Mr. William Thomas",0,62.0,0,0,113514,26.55,C87,S,1,26.55,Mr,0,1,C,87,2,2,2,0.833
254,0,3,"Lobb, Mr. William Arthur",0,30.0,1,0,A/5. 3336,16.1,,S,2,8.05,Mr,1,0,,,,4,4,
255,0,3,"Rosblom, Mrs. Viktor (Helena Wilhelmina)",1,41.0,0,2,370129,20.2125,,S,2,10.10625,Mrs,2,0,,,,4,4,
256,1,3,"Touma, Mrs. Darwis (Hanne Youssef Razi)",1,29.0,0,2,2650,15.2458,,C,1,15.2458,Mrs,2,0,,,,3,3,
257,1,1,"Thorne, Mrs. Gertrude Maybelle",1,47.93,0,0,PC 17585,79.2,,C,1,79.2,Mrs,0,0,,,,1,1,
258,1,1,"Cherry, Miss. Gladys",1,30.0,0,0,110152,86.5,B77,S,3,28.833333333333332,Miss,0,1,B,77,1,1,1,0.833
259,1,1,"Ward, Miss. Anna",1,35.0,0,0,PC 17755,512.3292,,C,3,170.7764,Miss,0,0,,,,1,1,
260,1,2,"Parrish, Mrs. (Lutie Davis)",1,50.0,0,1,230433,26.0,,S,2,13.0,Mrs,1,0,,,,3,3,
261,0,3,"Smith, Mr. Thomas",0,42.06354456654457,0,0,384461,7.75,,Q,1,7.75,Mr,0,0,,,,4,4,
262,1,3,"Asplund, Master. Edvin Rojj Felix",0,3.0,4,2,347077,31.3875,,S,4,7.846875,Master,6,0,,,,4,4,
263,0,1,"Taussig, Mr. Emil",0,52.0,1,1,110413,79.65,E67,S,3,26.55,Mr,2,1,E,67,4,4,4,0.833
264,0,1,"Harrison, Mr. William",0,40.0,0,0,112059,0.0,B94,S,1,0.0,Mr,0,1,B,94,1,1,1,1.0
265,0,3,"Henry, Miss. Delia",1,26.05045508658009,0,0,382649,7.75,,Q,1,7.75,Miss,0,0,,,,4,4,
266,0,2,"Reeves, Mr. David",0,36.0,0,0,C.A. 17248,10.5,,S,1,10.5,Mr,0,0,,,,4,4,
267,0,3,"Panula, Mr. Ernesti Arvid",0,16.0,4,1,3101295,39.6875,,S,6,6.614583333333333,Mr,5,0,,,,4,4,
268,1,3,"Persson, Mr. Ernst Ulrik",0,25.0,1,0,347083,7.775,,S,1,7.775,Mr,1,0,,,,4,4,
269,1,1,"Graham, Mrs. William Thompson (Edith Junkins)",1,58.0,0,1,PC 17582,153.4625,C125,S,3,51.15416666666667,Mrs,1,1,C,125,2,2,2,1.0
270,1,1,"Bissette, Miss. Amelia",1,35.0,0,0,PC 17760,135.6333,C99,S,3,45.211099999999995,Miss,0,1,C,99,2,2,2,1.0
271,0,1,"Cairns, Mr. Alexander",0,35.27166666666667,0,0,113798,31.0,,S,2,15.5,Mr,0,0,,,,3,3,
272,1,3,"Tornquist, Mr. William Henry",0,25.0,0,0,LINE,0.0,,S,4,0.0,Mr,0,0,,,,4,4,
273,1,2,"Mellinger, Mrs. (Elizabeth Anne Maidment)",1,41.0,0,1,250644,19.5,,S,2,9.75,Mrs,1,0,,,,4,4,
274,0,1,"Natsch, Mr. Charles H",0,37.0,0,1,PC 17596,29.7,C118,C,1,29.7,Mr,1,1,C,118,2,2,2,1.0
275,1,3,"Healy, Miss. Hanora ""Nora""",1,26.05045508658009,0,0,370375,7.75,,Q,1,7.75,Miss,0,0,,,,4,4,
276,1,1,"Andrews, Miss. Kornelia Theodosia",1,63.0,1,0,13502,77.9583,D7,S,3,25.986099999999997,Miss,1,1,D,7,3,3,3,0.167
277,0,3,"Lindblom, Miss. Augusta Charlotta",1,45.0,0,0,347073,7.75,,S,1,7.75,Miss,0,0,,,,4,4,
278,0,2,"Parkes, Mr. Francis ""Frank""",0,32.53888935574229,0,0,239853,0.0,,S,3,0.0,Mr,0,0,,,,4,4,
279,0,3,"Rice, Master. Eric",0,7.0,4,1,382652,29.125,,Q,5,5.825,Master,5,0,,,,4,4,
280,1,3,"Abbott, Mrs. Stanton (Rosa Hunt)",1,35.0,1,1,C.A. 2673,20.25,,S,2,10.125,Mrs,2,0,,,,4,4,
281,0,3,"Duane, Mr. Frank",0,65.0,0,0,336439,7.75,,Q,1,7.75,Mr,0,0,,,,4,4,
282,0,3,"Olsson, Mr. Nils Johan Goransson",0,28.0,0,0,347464,7.8542,,S,1,7.8542,Mr,0,0,,,,4,4,
283,0,3,"de Pelsmaeker, Mr. Alfons",0,16.0,0,0,345778,9.5,,S,1,9.5,Mr,0,0,,,,4,4,
284,1,3,"Dorking, Mr. Edward Arthur",0,19.0,0,0,A/5. 10482,8.05,,S,1,8.05,Mr,0,0,,,,4,4,
285,0,1,"Smith, Mr. Richard William",0,54.495785714285724,0,0,113056,26.0,A19,S,1,26.0,Mr,0,0,A,19,,2,2,0.333
286,0,3,"Stankovic, Mr. Ivan",0,33.0,0,0,349239,8.6625,,C,1,8.6625,Mr,0,0,,,,4,4,
287,1,3,"de Mulder, Mr. Theodore",0,30.0,0,0,345774,9.5,,S,1,9.5,Mr,0,0,,,,4,4,
288,0,3,"Naidenoff, Mr. Penko",0,22.0,0,0,349206,7.8958,,S,1,7.8958,Mr,0,0,,,,4,4,
289,1,2,"Hosono, Mr. Masabumi",0,42.0,0,0,237798,13.0,,S,1,13.0,Mr,0,0,,,,3,3,
290,1,3,"Connolly, Miss. Kate",1,22.0,0,0,370373,7.75,,Q,1,7.75,Miss,0,0,,,,4,4,
291,1,1,"Barber, Miss. Ellen ""Nellie""",1,26.0,0,0,19877,78.85,,S,2,39.425,Miss,0,0,,,,2,2,
292,1,1,"Bishop, Mrs. Dickinson H (Helen Walton)",1,19.0,1,0,11967,91.0792,B49,C,2,45.5396,Mrs,1,1,B,49,1,1,1,0.667
293,0,2,"Levy, Mr. Rene Jacques",0,36.0,0,0,SC/Paris 2163,12.875,D,C,1,12.875,Mr,0,1,D,,3,3,3,
294,0,3,"Haas, Miss. Aloisia",1,24.0,0,0,349236,8.85,,S,1,8.85,Miss,0,0,,,,4,4,
295,0,3,"Mineff, Mr. Ivan",0,24.0,0,0,349233,7.8958,,S,1,7.8958,Mr,0,0,,,,4,4,
296,0,1,"Lewy, Mr. Ervin G",0,38.16155337717838,0,0,PC 17612,27.7208,,C,1,27.7208,Mr,0,0,,,,4,2,
297,0,3,"Hanna, Mr. Mansour",0,23.5,0,0,2693,7.2292,,C,1,7.2292,Mr,0,0,,,,4,4,
298,0,1,"Allison, Miss. Helen Loraine",1,2.0,1,2,113781,151.55,C22 C26,S,4,37.8875,Miss,3,1,C,24,2,2,2,0.333
299,1,1,"Saalfeld, Mr. Adolphe",0,41.47200000000001,0,0,19988,30.5,C106,S,1,30.5,Mr,0,0,C,106,2,2,2,1.0
300,1,1,"Baxter, Mrs. James (Helene DeLaudeniere Chaput)",1,50.0,0,1,PC 17558,247.5208,B58 B60,C,2,123.7604,Mrs,1,1,B,59,1,1,1,0.667
301,1,3,"Kelly, Miss. Anna Katherine ""Annie Kate""",1,26.05045508658009,0,0,9234,7.75,,Q,1,7.75,Miss,0,0,,,,4,4,
302,1,3,"McCoy, Mr. Bernard",0,26.04875,2,0,367226,23.25,,Q,2,11.625,Mr,2,0,,,,4,4,
303,0,3,"Johnson, Mr. William Cahoone Jr",0,19.0,0,0,LINE,0.0,,S,4,0.0,Mr,0,0,,,,4,4,
304,1,2,"Keane, Miss. Nora A",1,26.134335281548516,0,0,226593,12.35,E101,Q,1,12.35,Miss,0,0,E,101,4,4,4,1.0
305,0,3,"Williams, Mr. Howard Hugh ""Harry""",0,30.407091360383024,0,0,A/5 2466,8.05,,S,1,8.05,Mr,0,0,,,,4,4,
306,1,1,"Allison, Master. Hudson Trevor",0,0.92,1,2,113781,151.55,C22 C26,S,4,37.8875,Master,3,1,C,24,2,2,2,0.333
307,1,1,"Fleming, Miss. Margaret",1,35.14333333333333,0,0,17421,110.8833,,C,4,27.720825,Miss,0,0,,,,2,2,
308,1,1,"Penasco y Castellana, Mrs. Victor de Satode (Maria Josefa Perez de Soto y Vallejo)",1,17.0,1,0,PC 17758,108.9,C65,C,2,54.45,Mrs,1,1,C,65,2,2,2,0.833
309,0,2,"Abelson, Mr. Samuel",0,30.0,1,0,P/PP 3381,24.0,,C,2,12.0,Mr,1,0,,,,4,4,
310,1,1,"Francatelli, Miss. Laura Mabel",1,30.0,0,0,PC 17485,56.9292,E36,C,2,28.4646,Miss,0,1,E,36,4,4,4,0.5
311,1,1,"Hays, Miss. Margaret Bechstein",1,24.0,0,0,11767,83.1583,C54,C,2,41.57915,Miss,0,1,C,54,2,2,2,0.667
312,1,1,"Ryerson, Miss. Emily Borie",1,18.0,2,2,PC 17608,262.375,B57 B59 B63 B66,C,2,131.1875,Miss,4,1,B,61,1,1,1,0.667
313,0,2,"Lahtinen, Mrs. William (Anna Sylfven)",1,26.0,1,1,250651,26.0,,S,1,26.0,Mrs,2,0,,,,3,2,
314,0,3,"Hendekovic, Mr. Ignjac",0,28.0,0,0,349243,7.8958,,S,1,7.8958,Mr,0,0,,,,4,4,
315,0,2,"Hart, Mr. Benjamin",0,43.0,1,1,F.C.C. 13529,26.25,,S,3,8.75,Mr,2,0,,,,4,4,
316,1,3,"Nilsson, Miss. Helmina Josefina",1,26.0,0,0,347470,7.8542,,S,1,7.8542,Miss,0,0,,,,4,4,
317,1,2,"Kantor, Mrs. Sinai (Miriam Sternin)",1,24.0,1,0,244367,26.0,,S,2,13.0,Mrs,1,0,,,,3,3,
318,0,2,"Moraweck, Dr. Ernest",0,54.0,0,0,29011,14.0,,S,1,14.0,Dr,0,0,,,,3,3,
319,1,1,"Wick, Miss. Mary Natalie",1,31.0,0,2,36928,164.8667,C7,S,2,82.43335,Miss,2,1,C,7,2,2,2,0.167
320,1,1,"Spedden, Mrs. Frederic Oakley (Margaretta Corning Stone)",1,40.0,1,1,16966,134.5,E34,C,2,67.25,Mrs,2,1,E,34,4,4,4,0.5
321,0,3,"Dennis, Mr. Samuel",0,22.0,0,0,A/5 21172,7.25,,S,1,7.25,Mr,0,0,,,,4,4,
322,0,3,"Danoff, Mr. Yoto",0,27.0,0,0,349219,7.8958,,S,1,7.8958,Mr,0,0,,,,4,4,
323,1,2,"Slayter, Miss. Hilda Mary",1,30.0,0,0,234818,12.35,,Q,1,12.35,Miss,0,0,,,,4,4,
324,1,2,"Caldwell, Mrs. Albert Francis (Sylvia Mae Harbaugh)",1,22.0,1,1,248738,29.0,,S,2,14.5,Mrs,2,0,,,,3,3,
325,0,3,"Sage, Mr. George John Jr",0,16.783666666666665,8,2,CA. 2343,69.55,,S,7,9.935714285714285,Mr,10,0,,,,4,4,
326,1,1,"Young, Miss. Marie Grice",1,36.0,0,0,PC 17760,135.6333,C32,C,3,45.211099999999995,Miss,0,1,C,32,2,2,2,0.5
327,0,3,"Nysveen, Mr. Johan Hansen",0,61.0,0,0,345364,6.2375,,S,1,6.2375,Mr,0,0,,,,4,4,
328,1,2,"Ball, Mrs. (Ada E Hall)",1,36.0,0,0,28551,13.0,D,S,1,13.0,Mrs,0,1,D,,3,3,3,
329,1,3,"Goldsmith, Mrs. Frank John (Emily Alice Brown)",1,31.0,1,1,363291,20.525,,S,3,6.841666666666666,Mrs,2,0,,,,4,4,
330,1,1,"Hippach, Miss. Jean Gertrude",1,16.0,0,1,111361,57.9792,B18,C,2,28.9896,Miss,1,1,B,18,1,1,1,0.333
331,1,3,"McCoy, Miss. Agnes",1,21.893333333333334,2,0,367226,23.25,,Q,2,11.625,Miss,2,0,,,,4,4,
332,0,1,"Partner, Mr. Austen",0,45.5,0,0,113043,28.5,C124,S,1,28.5,Mr,0,1,C,124,2,2,2,1.0
333,0,1,"Graham, Mr. George Edward",0,38.0,0,1,PC 17582,153.4625,C91,S,3,51.15416666666667,Mr,1,1,C,91,2,2,2,0.833
334,0,3,"Vander Planke, Mr. Leo Edmondus",0,16.0,2,0,345764,18.0,,S,2,9.0,Mr,2,0,,,,4,4,
335,1,1,"Frauenthal, Mrs. Henry William (Clara Heinsheimer)",1,44.65,1,0,PC 17611,133.65,,S,2,66.825,Mrs,1,0,,,,2,2,
336,0,3,"Denkoff, Mr. Mitto",0,27.960240524614342,0,0,349225,7.8958,,S,1,7.8958,Mr,0,0,,,,4,4,
337,0,1,"Pears, Mr. Thomas Clinton",0,29.0,1,0,113776,66.6,C2,S,2,33.3,Mr,1,1,C,2,2,2,2,0.167
338,1,1,"Burns, Miss. Elizabeth Margaret",1,41.0,0,0,16966,134.5,E40,C,2,67.25,Miss,0,1,E,40,4,4,4,0.5
339,1,3,"Dahl, Mr. Karl Edwart",0,45.0,0,0,7598,8.05,,S,1,8.05,Mr,0,0,,,,4,4,
340,0,1,"Blackwell, Mr. Stephen Weart",0,45.0,0,0,113784,35.5,T,S,1,35.5,Mr,0,1,T,,,2,2,
341,1,2,"Navratil, Master. Edmond Roger",0,2.0,1,1,230080,26.0,F2,S,3,8.666666666666666,Master,2,1,F,2,,4,4,0.167
342,1,1,"Fortune, Miss. Alice Elizabeth",1,24.0,3,2,19950,263.0,C23 C25 C27,S,4,65.75,Miss,5,1,C,25,2,2,2,0.333
343,0,2,"Collander, Mr. Erik Gustaf",0,28.0,0,0,248740,13.0,,S,1,13.0,Mr,0,0,,,,3,3,
344,0,2,"Sedgwick, Mr. Charles Frederick Waddington",0,25.0,0,0,244361,13.0,,S,1,13.0,Mr,0,0,,,,3,3,
345,0,2,"Fox, Mr. Stanley Hubert",0,36.0,0,0,229236,13.0,,S,1,13.0,Mr,0,0,,,,3,3,
346,1,2,"Brown, Miss. Amelia ""Mildred""",1,24.0,0,0,248733,13.0,F33,S,1,13.0,Miss,0,1,F,33,,3,3,0.5
347,1,2,"Smith, Miss. Marion Elsie",1,40.0,0,0,31418,13.0,,S,1,13.0,Miss,0,0,,,,3,3,
348,1,3,"Davison, Mrs. Thomas Henry (Mary E Finck)",1,31.9025,1,0,386525,16.1,,S,1,16.1,Mrs,1,0,,,,3,3,
349,1,3,"Coutts, Master. William Loch ""William""",0,3.0,1,1,C.A. 37671,15.9,,S,2,7.95,Master,2,0,,,,4,4,
350,0,3,"Dimic, Mr. Jovan",0,42.0,0,0,315088,8.6625,,S,1,8.6625,Mr,0,0,,,,4,4,
351,0,3,"Odahl, Mr. Nils Martin",0,23.0,0,0,7267,9.225,,S,1,9.225,Mr,0,0,,,,4,4,
352,0,1,"Williams-Lambert, Mr. Fletcher Fellows",0,58.68833333333333,0,0,113510,35.0,C128,S,1,35.0,Mr,0,0,C,128,2,2,2,1.0
353,0,3,"Elias, Mr. Tannous",0,15.0,1,1,2695,7.2292,,C,1,7.2292,Mr,2,0,,,,4,4,
354,0,3,"Arnold-Franchi, Mr. Josef",0,25.0,1,0,349237,17.8,,S,2,8.9,Mr,1,0,,,,4,4,
355,0,3,"Yousif, Mr. Wazli",0,32.72380753968253,0,0,2647,7.225,,C,1,7.225,Mr,0,0,,,,4,4,
356,0,3,"Vanden Steen, Mr. Leo Peter",0,28.0,0,0,345783,9.5,,S,1,9.5,Mr,0,0,,,,4,4,
357,1,1,"Bowerman, Miss. Elsie Edith",1,22.0,0,1,113505,55.0,E33,S,2,27.5,Miss,1,1,E,33,4,4,4,0.5
358,0,2,"Funk, Miss. Annie Clemmer",1,38.0,0,0,237671,13.0,,S,1,13.0,Miss,0,0,,,,3,3,
359,1,3,"McGovern, Miss. Mary",1,21.496166666666667,0,0,330931,7.8792,,Q,1,7.8792,Miss,0,0,,,,4,4,
360,1,3,"Mockler, Miss. Helen Mary ""Ellie""",1,21.496166666666667,0,0,330980,7.8792,,Q,1,7.8792,Miss,0,0,,,,4,4,
361,0,3,"Skoog, Mr. Wilhelm",0,40.0,1,4,347088,27.9,,S,6,4.6499999999999995,Mr,5,0,,,,4,4,
362,0,2,"del Carlo, Mr. Sebastiano",0,29.0,1,0,SC/PARIS 2167,27.7208,,C,1,27.7208,Mr,1,0,,,,4,4,
363,0,3,"Barbara, Mrs. (Catherine David)",1,45.0,0,1,2691,14.4542,,C,2,7.2271,Mrs,1,0,,,,4,4,
364,0,3,"Asim, Mr. Adola",0,35.0,0,0,SOTON/O.Q. 3101310,7.05,,S,1,7.05,Mr,0,0,,,,4,4,
365,0,3,"O'Brien, Mr. Thomas",0,36.250814935064945,1,0,370365,15.5,,Q,2,7.75,Mr,1,0,,,,4,4,
366,0,3,"Adahl, Mr. Mauritz Nils Martin",0,30.0,0,0,C 7076,7.25,,S,1,7.25,Mr,0,0,,,,4,4,
367,1,1,"Warren, Mrs. Frank Manley (Anna Sophia Atkinson)",1,60.0,1,0,110813,75.25,D37,C,1,75.25,Mrs,1,1,D,37,3,3,3,0.5
368,1,3,"Moussa, Mrs. (Mantoura Boulos)",1,28.741297619047618,0,0,2626,7.2292,,C,1,7.2292,Mrs,0,0,,,,4,4,
369,1,3,"Jermyn, Miss. Annie",1,26.05045508658009,0,0,14313,7.75,,Q,1,7.75,Miss,0,0,,,,4,4,
370,1,1,"Aubart, Mme. Leontine Pauline",1,24.0,0,0,PC 17477,69.3,B35,C,2,34.65,Mme,0,1,B,35,1,1,1,0.5
371,1,1,"Harder, Mr. George Achilles",0,25.0,1,0,11765,55.4417,E50,C,1,55.4417,Mr,1,1,E,50,4,4,4,0.667
372,0,3,"Wiklund, Mr. Jakob Alfred",0,18.0,1,0,3101267,6.4958,,S,1,6.4958,Mr,1,0,,,,4,4,
373,0,3,"Beavan, Mr. William Thomas",0,19.0,0,0,323951,8.05,,S,1,8.05,Mr,0,0,,,,4,4,
374,0,1,"Ringhini, Mr. Sante",0,22.0,0,0,PC 17760,135.6333,,C,3,45.211099999999995,Mr,0,0,,,,2,2,
375,0,3,"Palsson, Miss. Stina Viola",1,3.0,3,1,349909,21.075,,S,4,5.26875,Miss,4,0,,,,4,4,
376,1,1,"Meyer, Mrs. Edgar Joseph (Leila Saks)",1,35.23,1,0,PC 17604,82.1708,,C,2,41.0854,Mrs,1,0,,,,2,2,
377,1,3,"Landergren, Miss. Aurora Adelia",1,22.0,0,0,C 7077,7.25,,S,1,7.25,Miss,0,0,,,,4,4,
378,0,1,"Widener, Mr. Harry Elkins",0,27.0,0,2,113503,211.5,C82,C,1,211.5,Mr,2,1,C,82,2,2,2,0.833
379,0,3,"Betros, Mr. Tannous",0,20.0,0,0,2648,4.0125,,C,1,4.0125,Mr,0,0,,,,4,4,
380,0,3,"Gustafsson, Mr. Karl Gideon",0,19.0,0,0,347069,7.775,,S,1,7.775,Mr,0,0,,,,4,4,
381,1,1,"Bidois, Miss. Rosalie",1,42.0,0,0,PC 17757,227.525,,C,4,56.88125,Miss,0,0,,,,2,2,
382,1,3,"Nakid, Miss. Maria (""Mary"")",1,1.0,0,2,2653,15.7417,,C,2,7.87085,Miss,2,0,,,,4,4,
383,0,3,"Tikkanen, Mr. Juho",0,32.0,0,0,STON/O 2. 3101293,7.925,,S,1,7.925,Mr,0,0,,,,4,4,
384,1,1,"Holverson, Mrs. Alexander Oskar (Mary Aline Towner)",1,35.0,1,0,113789,52.0,,S,2,26.0,Mrs,1,0,,,,2,2,
385,0,3,"Plotcharsky, Mr. Vasil",0,27.960240524614342,0,0,349227,7.8958,,S,1,7.8958,Mr,0,0,,,,4,4,
386,0,2,"Davies, Mr. Charles Henry",0,18.0,0,0,S.O.C. 14879,73.5,,S,5,14.7,Mr,0,0,,,,3,3,
387,0,3,"Goodwin, Master. Sidney Leonard",0,1.0,5,2,CA 2144,46.9,,S,6,7.816666666666666,Master,7,0,,,,4,4,
388,1,2,"Buss, Miss. Kate",1,36.0,0,0,27849,13.0,,S,1,13.0,Miss,0,0,,,,3,3,
389,0,3,"Sadlier, Mr. Matthew",0,24.28550468975469,0,0,367655,7.7292,,Q,1,7.7292,Mr,0,0,,,,4,4,
390,1,2,"Lehmann, Miss. Bertha",1,17.0,0,0,SC 1748,12.0,,C,1,12.0,Miss,0,0,,,,4,4,
391,1,1,"Carter, Mr. William Ernest",0,36.0,1,2,113760,120.0,B96 B98,S,4,30.0,Mr,3,1,B,97,1,1,1,1.0
392,1,3,"Jansson, Mr. Carl Olof",0,21.0,0,0,350034,7.7958,,S,1,7.7958,Mr,0,0,,,,4,4,
393,0,3,"Gustafsson, Mr. Johan Birger",0,28.0,2,0,3101277,7.925,,S,1,7.925,Mr,2,0,,,,4,4,
394,1,1,"Newell, Miss. Marjorie",1,23.0,1,0,35273,113.275,D36,C,3,37.75833333333333,Miss,1,1,D,36,3,3,3,0.5
395,1,3,"Sandstrom, Mrs. Hjalmar (Agnes Charlotta Bengtsson)",1,24.0,0,2,PP 9549,16.7,G6,S,2,8.35,Mrs,2,1,G,6,,4,4,0.167
396,0,3,"Johansson, Mr. Erik",0,22.0,0,0,350052,7.7958,,S,1,7.7958,Mr,0,0,,,,4,4,
397,0,3,"Olsson, Miss. Elina",1,31.0,0,0,350407,7.8542,,S,1,7.8542,Miss,0,0,,,,4,4,
398,0,2,"McKane, Mr. Peter David",0,46.0,0,0,28403,26.0,,S,2,13.0,Mr,0,0,,,,3,3,
399,0,2,"Pain, Dr. Alfred",0,23.0,0,0,244278,10.5,,S,1,10.5,Dr,0,0,,,,4,4,
400,1,2,"Trout, Mrs. William H (Jessie L)",1,28.0,0,0,240929,12.65,,S,1,12.65,Mrs,0,0,,,,3,3,
401,1,3,"Niskanen, Mr. Juha",0,39.0,0,0,STON/O 2. 3101289,7.925,,S,1,7.925,Mr,0,0,,,,4,4,
402,0,3,"Adams, Mr. John",0,26.0,0,0,341826,8.05,,S,1,8.05,Mr,0,0,,,,4,4,
403,0,3,"Jussila, Miss. Mari Aina",1,21.0,1,0,4137,9.825,,S,1,9.825,Miss,1,0,,,,4,4,
404,0,3,"Hakkarainen, Mr. Pekka Pietari",0,28.0,1,0,STON/O2. 3101279,15.85,,S,2,7.925,Mr,1,0,,,,4,4,
405,0,3,"Oreskovic, Miss. Marija",1,20.0,0,0,315096,8.6625,,S,1,8.6625,Miss,0,0,,,,4,4,
406,0,2,"Gale, Mr. Shadrach",0,34.0,1,0,28664,21.0,,S,1,21.0,Mr,1,0,,,,3,3,
407,0,3,"Widegren, Mr. Carl/Charles Peter",0,51.0,0,0,347064,7.75,,S,1,7.75,Mr,0,0,,,,4,4,
408,1,2,"Richards, Master. William Rowe",0,3.0,1,1,29106,18.75,,S,3,6.25,Master,2,0,,,,4,4,
409,0,3,"Birkeland, Mr. Hans Martin Monsen",0,21.0,0,0,312992,7.775,,S,1,7.775,Mr,0,0,,,,4,4,
410,0,3,"Lefebre, Miss. Ida",1,6.651316666666666,3,1,4133,25.4667,,S,4,6.366675,Miss,4,0,,,,4,4,
411,0,3,"Sdycoff, Mr. Todor",0,27.960240524614342,0,0,349222,7.8958,,S,1,7.8958,Mr,0,0,,,,4,4,
412,0,3,"Hart, Mr. Henry",0,28.27333333333333,0,0,394140,6.8583,,Q,1,6.8583,Mr,0,0,,,,4,4,
413,1,1,"Minahan, Miss. Daisy E",1,33.0,1,0,19928,90.0,C78,Q,2,45.0,Miss,1,1,C,78,2,2,2,0.833
414,0,2,"Cunningham, Mr. Alfred Fleming",0,32.53888935574229,0,0,239853,0.0,,S,3,0.0,Mr,0,0,,,,4,4,
415,1,3,"Sundman, Mr. Johan Julian",0,44.0,0,0,STON/O 2. 3101269,7.925,,S,1,7.925,Mr,0,0,,,,4,4,
416,0,3,"Meek, Mrs. Thomas (Annie Louise Rowley)",1,31.837653272995183,0,0,343095,8.05,,S,1,8.05,Mrs,0,0,,,,4,4,
417,1,2,"Drew, Mrs. James Vivian (Lulu Thorne Christian)",1,34.0,1,1,28220,32.5,,S,1,32.5,Mrs,2,0,,,,2,2,
418,1,2,"Silven, Miss. Lyyli Karoliina",1,18.0,0,2,250652,13.0,,S,1,13.0,Miss,2,0,,,,3,3,
419,0,2,"Matthews, Mr. William John",0,30.0,0,0,28228,13.0,,S,1,13.0,Mr,0,0,,,,3,3,
420,0,3,"Van Impe, Miss. Catharina",1,10.0,0,2,345773,24.15,,S,3,8.049999999999999,Miss,2,0,,,,4,4,
421,0,3,"Gheorgheff, Mr. Stanio",0,27.960240524614342,0,0,349254,7.8958,,C,1,7.8958,Mr,0,0,,,,4,4,
422,0,3,"Charters, Mr. David",0,21.0,0,0,A/5. 13032,7.7333,,Q,1,7.7333,Mr,0,0,,,,4,4,
423,0,3,"Zimmerman, Mr. Leo",0,29.0,0,0,315082,7.875,,S,1,7.875,Mr,0,0,,,,4,4,
424,0,3,"Danbom, Mrs. Ernst Gilbert (Anna Sigrid Maria Brogren)",1,28.0,1,1,347080,14.4,,S,2,7.2,Mrs,2,0,,,,4,4,
425,0,3,"Rosblom, Mr. Viktor Richard",0,18.0,1,1,370129,20.2125,,S,2,10.10625,Mr,2,0,,,,4,4,
426,0,3,"Wiseman, Mr. Phillippe",0,29.890370865245867,0,0,A/4. 34244,7.25,,S,1,7.25,Mr,0,0,,,,4,4,
427,1,2,"Clarke, Mrs. Charles V (Ada Maria Winfield)",1,28.0,1,0,2003,26.0,,S,1,26.0,Mrs,1,0,,,,2,2,
428,1,2,"Phillips, Miss. Kate Florence (""Mrs Kate Louise Phillips Marshall"")",1,19.0,0,0,250655,26.0,,S,2,13.0,Miss,0,0,,,,3,3,
429,0,3,"Flynn, Mr. James",0,42.06354456654457,0,0,364851,7.75,,Q,1,7.75,Mr,0,0,,,,4,4,
430,1,3,"Pickard, Mr. Berk (Berk Trembisky)",0,32.0,0,0,SOTON/O.Q. 392078,8.05,E10,S,1,8.05,Mr,0,1,E,10,4,4,4,0.167
431,1,1,"Bjornstrom-Steffansson, Mr. Mauritz Hakan",0,28.0,0,0,110564,26.55,C52,S,1,26.55,Mr,0,1,C,52,2,2,2,0.667
432,1,3,"Thorneycroft, Mrs. Percival (Florence Kate White)",1,26.515712121212122,1,0,376564,16.1,,S,2,8.05,Mrs,1,0,,,,4,4,
433,1,2,"Louch, Mrs. Charles Alexander (Alice Adelaide Slow)",1,42.0,1,0,SC/AH 3085,26.0,,S,1,26.0,Mrs,1,0,,,,2,2,
434,0,3,"Kallio, Mr. Nikolai Erland",0,17.0,0,0,STON/O 2. 3101274,7.125,,S,1,7.125,Mr,0,0,,,,4,4,
435,0,1,"Silvey, Mr. William Baird",0,50.0,1,0,13507,55.9,E44,S,2,27.95,Mr,1,1,E,44,4,4,4,0.667
436,1,1,"Carter, Miss. Lucile Polk",1,14.0,1,2,113760,120.0,B96 B98,S,4,30.0,Miss,3,1,B,97,1,1,1,1.0
437,0,3,"Ford, Miss. Doolina Margaret ""Daisy""",1,21.0,2,2,W./C. 6608,34.375,,S,4,8.59375,Miss,4,0,,,,4,4,
438,1,2,"Richards, Mrs. Sidney (Emily Hocking)",1,24.0,2,3,29106,18.75,,S,3,6.25,Mrs,5,0,,,,4,4,
439,0,1,"Fortune, Mr. Mark",0,64.0,1,4,19950,263.0,C23 C25 C27,S,4,65.75,Mr,5,1,C,25,2,2,2,0.333
440,0,2,"Kvillner, Mr. Johan Henrik Johannesson",0,31.0,0,0,C.A. 18723,10.5,,S,1,10.5,Mr,0,0,,,,4,4,
441,1,2,"Hart, Mrs. Benjamin (Esther Ada Bloomfield)",1,45.0,1,1,F.C.C. 13529,26.25,,S,3,8.75,Mrs,2,0,,,,4,4,
442,0,3,"Hampe, Mr. Leon",0,20.0,0,0,345769,9.5,,S,1,9.5,Mr,0,0,,,,4,4,
443,0,3,"Petterson, Mr. Johan Emil",0,25.0,1,0,347076,7.775,,S,1,7.775,Mr,1,0,,,,4,4,
444,1,2,"Reynaldo, Ms. Encarnacion",1,28.0,0,0,230434,13.0,,S,1,13.0,Ms,0,0,,,,3,3,
445,1,3,"Johannesen-Bratthammer, Mr. Bernt",0,29.587015873015876,0,0,65306,8.1125,,S,1,8.1125,Mr,0,0,,,,4,4,
446,1,1,"Dodge, Master. Washington",0,4.0,0,2,33638,81.8583,A34,S,1,81.8583,Master,2,1,A,34,,1,1,0.5
447,1,2,"Mellinger, Miss. Madeleine Violet",1,13.0,0,1,250644,19.5,,S,2,9.75,Miss,1,0,,,,4,4,
448,1,1,"Seward, Mr. Frederic Kimber",0,34.0,0,0,113794,26.55,,S,1,26.55,Mr,0,0,,,,4,4,
449,1,3,"Baclini, Miss. Marie Catherine",1,5.0,2,1,2666,19.2583,,C,4,4.814575,Miss,3,0,,,,4,4,
450,1,1,"Peuchen, Major. Arthur Godfrey",0,52.0,0,0,113786,30.5,C104,S,1,30.5,Major,0,1,C,104,2,2,2,1.0
451,0,2,"West, Mr. Edwy Arthur",0,36.0,1,2,C.A. 34651,27.75,,S,3,9.25,Mr,3,0,,,,4,4,
452,0,3,"Hagland, Mr. Ingvald Olai Olsen",0,39.35333333333333,1,0,65303,19.9667,,S,1,19.9667,Mr,1,0,,,,3,3,
453,0,1,"Foreman, Mr. Benjamin Laventall",0,30.0,0,0,113051,27.75,C111,C,1,27.75,Mr,0,1,C,111,2,2,2,1.0
454,1,1,"Goldenberg, Mr. Samuel L",0,49.0,1,0,17453,89.1042,C92,C,2,44.5521,Mr,1,1,C,92,2,2,2,0.833
455,0,3,"Peduzzi, Mr. Joseph",0,30.407091360383024,0,0,A/5 2817,8.05,,S,1,8.05,Mr,0,0,,,,4,4,
456,1,3,"Jalsevac, Mr. Ivan",0,29.0,0,0,349240,7.8958,,C,1,7.8958,Mr,0,0,,,,4,4,
457,0,1,"Millet, Mr. Francis Davis",0,65.0,0,0,13509,26.55,E38,S,1,26.55,Mr,0,1,E,38,4,4,4,0.5
458,1,1,"Kenyon, Mrs. Frederick R (Marion)",1,37.81,1,0,17464,51.8625,D21,S,1,51.8625,Mrs,1,0,D,21,3,3,3,0.333
459,1,2,"Toomey, Miss. Ellen",1,50.0,0,0,F.C.C. 13531,10.5,,S,1,10.5,Miss,0,0,,,,4,4,
460,0,3,"O'Connor, Mr. Maurice",0,42.06354456654457,0,0,371060,7.75,,Q,1,7.75,Mr,0,0,,,,4,4,
461,1,1,"Anderson, Mr. Harry",0,48.0,0,0,19952,26.55,E12,S,1,26.55,Mr,0,1,E,12,4,4,4,0.167
462,0,3,"Morley, Mr. William",0,34.0,0,0,364506,8.05,,S,1,8.05,Mr,0,0,,,,4,4,
463,0,1,"Gee, Mr. Arthur H",0,47.0,0,0,111320,38.5,E63,S,1,38.5,Mr,0,1,E,63,4,4,4,0.667
464,0,2,"Milling, Mr. Jacob Christian",0,48.0,0,0,234360,13.0,,S,1,13.0,Mr,0,0,,,,3,3,
465,0,3,"Maisner, Mr. Simon",0,30.407091360383024,0,0,A/S 2816,8.05,,S,1,8.05,Mr,0,0,,,,4,4,
466,0,3,"Goncalves, Mr. Manuel Estanslas",0,38.0,0,0,SOTON/O.Q. 3101306,7.05,,S,1,7.05,Mr,0,0,,,,4,4,
467,0,2,"Campbell, Mr. William",0,32.53888935574229,0,0,239853,0.0,,S,3,0.0,Mr,0,0,,,,4,4,
468,0,1,"Smart, Mr. John Montgomery",0,56.0,0,0,113792,26.55,,S,1,26.55,Mr,0,0,,,,4,4,
469,0,3,"Scanlan, Mr. James",0,24.28550468975469,0,0,36209,7.725,,Q,1,7.725,Mr,0,0,,,,4,4,
470,1,3,"Baclini, Miss. Helene Barbara",1,0.75,2,1,2666,19.2583,,C,4,4.814575,Miss,3,0,,,,4,4,
471,0,3,"Keefe, Mr. Arthur",0,29.890370865245867,0,0,323592,7.25,,S,1,7.25,Mr,0,0,,,,4,4,
472,0,3,"Cacic, Mr. Luka",0,38.0,0,0,315089,8.6625,,S,1,8.6625,Mr,0,0,,,,4,4,
473,1,2,"West, Mrs. Edwy Arthur (Ada Mary Worth)",1,33.0,1,2,C.A. 34651,27.75,,S,3,9.25,Mrs,3,0,,,,4,4,
474,1,2,"Jerwan, Mrs. Amin S (Marie Marthe Thuillard)",1,23.0,0,0,SC/AH Basle 541,13.7917,D,C,1,13.7917,Mrs,0,1,D,,3,3,3,
475,0,3,"Strandberg, Miss. Ida Sofia",1,22.0,0,0,7553,9.8375,,S,1,9.8375,Miss,0,0,,,,4,4,
476,0,1,"Clifford, Mr. George Quincy",0,54.495785714285724,0,0,110465,52.0,A14,S,2,26.0,Mr,0,0,A,14,,2,2,0.167
477,0,2,"Renouf, Mr. Peter Henry",0,34.0,1,0,31027,21.0,,S,2,10.5,Mr,1,0,,,,4,4,
478,0,3,"Braund, Mr. Lewis Richard",0,29.0,1,0,3460,7.0458,,S,1,7.0458,Mr,1,0,,,,4,4,
479,0,3,"Karlsson, Mr. Nils August",0,22.0,0,0,350060,7.5208,,S,1,7.5208,Mr,0,0,,,,4,4,
480,1,3,"Hirvonen, Miss. Hildur E",1,2.0,0,1,3101298,12.2875,,S,1,12.2875,Miss,1,0,,,,4,4,
481,0,3,"Goodwin, Master. Harold Victor",0,9.0,5,2,CA 2144,46.9,,S,6,7.816666666666666,Master,7,0,,,,4,4,
482,0,2,"Frost, Mr. Anthony Wood ""Archie""",0,32.53888935574229,0,0,239854,0.0,,S,1,0.0,Mr,0,0,,,,4,4,
483,0,3,"Rouse, Mr. Richard Henry",0,50.0,0,0,A/5 3594,8.05,,S,1,8.05,Mr,0,0,,,,4,4,
484,1,3,"Turkula, Mrs. (Hedwig)",1,63.0,0,0,4134,9.5875,,S,1,9.5875,Mrs,0,0,,,,4,4,
485,1,1,"Bishop, Mr. Dickinson H",0,25.0,1,0,11967,91.0792,B49,C,2,45.5396,Mr,1,1,B,49,1,1,1,0.667
486,0,3,"Lefebre, Miss. Jeannie",1,6.651316666666666,3,1,4133,25.4667,,S,4,6.366675,Miss,4,0,,,,4,4,
487,1,1,"Hoyt, Mrs. Frederick Maxfield (Jane Anne Forby)",1,35.0,1,0,19943,90.0,C93,S,2,45.0,Mrs,1,1,C,93,2,2,2,1.0
488,0,1,"Kent, Mr. Edward Austin",0,58.0,0,0,11771,29.7,B37,C,1,29.7,Mr,0,1,B,37,1,1,1,0.5
489,0,3,"Somerton, Mr. Francis William",0,30.0,0,0,A.5. 18509,8.05,,S,1,8.05,Mr,0,0,,,,4,4,
490,1,3,"Coutts, Master. Eden Leslie ""Neville""",0,9.0,1,1,C.A. 37671,15.9,,S,2,7.95,Master,2,0,,,,4,4,
491,0,3,"Hagland, Mr. Konrad Mathias Reiersen",0,39.35333333333333,1,0,65304,19.9667,,S,1,19.9667,Mr,1,0,,,,3,3,
492,0,3,"Windelov, Mr. Einar",0,21.0,0,0,SOTON/OQ 3101317,7.25,,S,1,7.25,Mr,0,0,,,,4,4,
493,0,1,"Molson, Mr. Harry Markland",0,55.0,0,0,113787,30.5,C30,S,1,30.5,Mr,0,1,C,30,2,2,2,0.5
494,0,1,"Artagaveytia, Mr. Ramon",0,71.0,0,0,PC 17609,49.5042,,C,1,49.5042,Mr,0,0,,,,2,2,
495,0,3,"Stanley, Mr. Edward Roland",0,21.0,0,0,A/4 45380,8.05,,S,1,8.05,Mr,0,0,,,,4,4,
496,0,3,"Yousseff, Mr. Gerious",0,24.660543650793652,0,0,2627,14.4583,,C,2,7.22915,Mr,0,0,,,,4,4,
497,1,1,"Eustis, Miss. Elizabeth Mussey",1,54.0,1,0,36947,78.2667,D20,C,2,39.13335,Miss,1,1,D,20,3,3,3,0.333
498,0,3,"Shellard, Mr. Frederick William",0,33.03038461538461,0,0,C.A. 6212,15.1,,S,1,15.1,Mr,0,0,,,,3,3,
499,0,1,"Allison, Mrs. Hudson J C (Bessie Waldo Daniels)",1,25.0,1,2,113781,151.55,C22 C26,S,4,37.8875,Mrs,3,1,C,24,2,2,2,0.333
500,0,3,"Svensson, Mr. Olof",0,24.0,0,0,350035,7.7958,,S,1,7.7958,Mr,0,0,,,,4,4,
501,0,3,"Calic, Mr. Petar",0,17.0,0,0,315086,8.6625,,S,1,8.6625,Mr,0,0,,,,4,4,
502,0,3,"Canavan, Miss. Mary",1,21.0,0,0,364846,7.75,,Q,1,7.75,Miss,0,0,,,,4,4,
503,0,3,"O'Sullivan, Miss. Bridget Mary",1,21.11600992063492,0,0,330909,7.6292,,Q,1,7.6292,Miss,0,0,,,,4,4,
504,0,3,"Laitinen, Miss. Kristina Sofia",1,37.0,0,0,4135,9.5875,,S,1,9.5875,Miss,0,0,,,,4,4,
505,1,1,"Maioni, Miss. Roberta",1,16.0,0,0,110152,86.5,B79,S,3,28.833333333333332,Miss,0,1,B,79,1,1,1,0.833
506,0,1,"Penasco y Castellana, Mr. Victor de Satode",0,18.0,1,0,PC 17758,108.9,C65,C,2,54.45,Mr,1,1,C,65,2,2,2,0.833
507,1,2,"Quick, Mrs. Frederick Charles (Jane Richards)",1,33.0,0,2,26360,26.0,,S,2,13.0,Mrs,2,0,,,,3,3,
508,1,1,"Bradley, Mr. George (""George Arthur Brayton"")",0,48.93431224855295,0,0,111427,26.55,,S,1,26.55,Mr,0,0,,,,4,4,
509,0,3,"Olsen, Mr. Henry Margido",0,28.0,0,0,C 4001,22.525,,S,1,22.525,Mr,0,0,,,,3,3,
510,1,3,"Lang, Mr. Fang",0,26.0,0,0,1601,56.4958,,S,7,8.070828571428573,Mr,0,0,,,,4,4,
511,1,3,"Daly, Mr. Eugene Patrick",0,29.0,0,0,382651,7.75,,Q,1,7.75,Mr,0,0,,,,4,4,
512,0,3,"Webber, Mr. James",0,30.407091360383024,0,0,SOTON/OQ 3101316,8.05,,S,1,8.05,Mr,0,0,,,,4,4,
513,1,1,"McGough, Mr. James Robert",0,36.0,0,0,PC 17473,26.2875,E25,S,1,26.2875,Mr,0,1,E,25,4,4,4,0.333
514,1,1,"Rothschild, Mrs. Martin (Elizabeth L. Barrett)",1,54.0,1,0,PC 17603,59.4,,C,1,59.4,Mrs,1,0,,,,2,2,
515,0,3,"Coleff, Mr. Satio",0,24.0,0,0,349209,7.4958,,S,1,7.4958,Mr,0,0,,,,4,4,
516,0,1,"Walker, Mr. William Anderson",0,47.0,0,0,36967,34.0208,D46,S,1,34.0208,Mr,0,1,D,46,3,3,3,0.667
517,1,2,"Lemore, Mrs. (Amelia Milley)",1,34.0,0,0,C.A. 34260,10.5,F33,S,1,10.5,Mrs,0,1,F,33,,4,4,0.5
518,0,3,"Ryan, Mr. Patrick",0,30.407091360383024,0,0,371110,24.15,,Q,3,8.049999999999999,Mr,0,0,,,,4,4,
519,1,2,"Angle, Mrs. William A (Florence ""Mary"" Agnes Hughes)",1,36.0,1,0,226875,26.0,,S,1,26.0,Mrs,1,0,,,,2,2,
520,0,3,"Pavlovic, Mr. Stefo",0,32.0,0,0,349242,7.8958,,S,1,7.8958,Mr,0,0,,,,4,4,
521,1,1,"Perreault, Miss. Anne",1,30.0,0,0,12749,93.5,B73,S,2,46.75,Miss,0,1,B,73,1,1,1,0.833
522,0,3,"Vovk, Mr. Janko",0,22.0,0,0,349252,7.8958,,S,1,7.8958,Mr,0,0,,,,4,4,
523,0,3,"Lahoud, Mr. Sarkis",0,32.72380753968253,0,0,2624,7.225,,C,1,7.225,Mr,0,0,,,,4,4,
524,1,1,"Hippach, Mrs. Louis Albert (Ida Sophia Fischer)",1,44.0,0,1,111361,57.9792,B18,C,2,28.9896,Mrs,1,1,B,18,1,1,1,0.333
525,0,3,"Kassem, Mr. Fared",0,24.660543650793652,0,0,2700,7.2292,,C,1,7.2292,Mr,0,0,,,,4,4,
526,0,3,"Farrell, Mr. James",0,40.5,0,0,367232,7.75,,Q,1,7.75,Mr,0,0,,,,4,4,
527,1,2,"Ridsdale, Miss. Lucy",1,50.0,0,0,W./C. 14258,10.5,,S,1,10.5,Miss,0,0,,,,4,4,
528,0,1,"Farthing, Mr. John",0,33.69,0,0,PC 17483,221.7792,C95,S,1,221.7792,Mr,0,0,C,95,2,2,2,1.0
529,0,3,"Salonen, Mr. Johan Werner",0,39.0,0,0,3101296,7.925,,S,1,7.925,Mr,0,0,,,,4,4,
530,0,2,"Hocking, Mr. Richard George",0,23.0,2,1,29104,11.5,,S,1,11.5,Mr,3,0,,,,4,4,
531,1,2,"Quick, Miss. Phyllis May",1,2.0,1,1,26360,26.0,,S,2,13.0,Miss,2,0,,,,3,3,
532,0,3,"Toufik, Mr. Nakli",0,24.660543650793652,0,0,2641,7.2292,,C,1,7.2292,Mr,0,0,,,,4,4,
533,0,3,"Elias, Mr. Joseph Jr",0,17.0,1,1,2690,7.2292,,C,1,7.2292,Mr,2,0,,,,4,4,
534,1,3,"Peter, Mrs. Catherine (Catherine Rizk)",1,37.14625,0,2,2668,22.3583,,C,2,11.17915,Mrs,2,0,,,,4,4,
535,0,3,"Cacic, Miss. Marija",1,30.0,0,0,315084,8.6625,,S,1,8.6625,Miss,0,0,,,,4,4,
536,1,2,"Hart, Miss. Eva Miriam",1,7.0,0,2,F.C.C. 13529,26.25,,S,3,8.75,Miss,2,0,,,,4,4,
537,0,1,"Butt, Major. Archibald Willingham",0,45.0,0,0,113050,26.55,B38,S,1,26.55,Major,0,1,B,38,1,1,1,0.5
538,1,1,"LeRoy, Miss. Bertha",1,30.0,0,0,PC 17761,106.425,,C,2,53.2125,Miss,0,0,,,,2,2,
539,0,3,"Risien, Mr. Samuel Beard",0,33.532717948717945,0,0,364498,14.5,,S,1,14.5,Mr,0,0,,,,3,3,
540,1,1,"Frolicher, Miss. Hedwig Margaritha",1,22.0,0,2,13568,49.5,B39,C,1,49.5,Miss,2,1,B,39,1,1,1,0.5
541,1,1,"Crosby, Miss. Harriet R",1,36.0,0,2,WE/P 5735,71.0,B22,S,2,35.5,Miss,2,1,B,22,1,1,1,0.333
542,0,3,"Andersson, Miss. Ingeborg Constanzia",1,9.0,4,2,347082,31.275,,S,7,4.4678571428571425,Miss,6,0,,,,4,4,
543,0,3,"Andersson, Miss. Sigrid Elisabeth",1,11.0,4,2,347082,31.275,,S,7,4.4678571428571425,Miss,6,0,,,,4,4,
544,1,2,"Beane, Mr. Edward",0,32.0,1,0,2908,26.0,,S,2,13.0,Mr,1,0,,,,3,3,
545,0,1,"Douglas, Mr. Walter Donald",0,50.0,1,0,PC 17761,106.425,C86,C,2,53.2125,Mr,1,1,C,86,2,2,2,0.833
546,0,1,"Nicholson, Mr. Arthur Ernest",0,64.0,0,0,693,26.0,,S,1,26.0,Mr,0,0,,,,2,2,
547,1,2,"Beane, Mrs. Edward (Ethel Clarke)",1,19.0,1,0,2908,26.0,,S,2,13.0,Mrs,1,0,,,,3,3,
548,1,2,"Padro y Manent, Mr. Julian",0,30.87953296703297,0,0,SC/PARIS 2146,13.8625,,C,1,13.8625,Mr,0,0,,,,3,3,
549,0,3,"Goldsmith, Mr. Frank John",0,33.0,1,1,363291,20.525,,S,3,6.841666666666666,Mr,2,0,,,,4,4,
550,1,2,"Davies, Master. John Morgan Jr",0,8.0,1,1,C.A. 33112,36.75,,S,2,18.375,Master,2,0,,,,3,3,
551,1,1,"Thayer, Mr. John Borland Jr",0,17.0,0,2,17421,110.8833,C70,C,4,27.720825,Mr,2,1,C,70,2,2,2,0.833
552,0,2,"Sharp, Mr. Percival James R",0,27.0,0,0,244358,26.0,,S,1,26.0,Mr,0,0,,,,2,2,
553,0,3,"O'Brien, Mr. Timothy",0,27.310682178932197,0,0,330979,7.8292,,Q,1,7.8292,Mr,0,0,,,,4,4,
554,1,3,"Leeni, Mr. Fahim (""Philip Zenni"")",0,22.0,0,0,2620,7.225,,C,1,7.225,Mr,0,0,,,,4,4,
555,1,3,"Ohman, Miss. Velin",1,22.0,0,0,347085,7.775,,S,1,7.775,Miss,0,0,,,,4,4,
556,0,1,"Wright, Mr. George",0,62.0,0,0,113807,26.55,,S,1,26.55,Mr,0,0,,,,4,4,
557,1,1,"Duff Gordon, Lady. (Lucille Christiana Sutherland) (""Mrs Morgan"")",1,48.0,1,0,11755,39.6,A16,C,1,39.6,Lady,1,1,A,16,,1,1,0.167
558,0,1,"Robbins, Mr. Victor",0,38.74,0,0,PC 17757,227.525,,C,4,56.88125,Mr,0,0,,,,2,2,
559,1,1,"Taussig, Mrs. Emil (Tillie Mandelbaum)",1,39.0,1,1,110413,79.65,E67,S,3,26.55,Mrs,2,1,E,67,4,4,4,0.833
560,1,3,"de Messemaeker, Mrs. Guillaume Joseph (Emma)",1,36.0,1,0,345572,17.4,,S,1,17.4,Mrs,1,0,,,,3,3,
561,0,3,"Morrow, Mr. Thomas Rowan",0,42.06354456654457,0,0,372622,7.75,,Q,1,7.75,Mr,0,0,,,,4,4,
562,0,3,"Sivic, Mr. Husein",0,40.0,0,0,349251,7.8958,,S,1,7.8958,Mr,0,0,,,,4,4,
563,0,2,"Norman, Mr. Robert Douglas",0,28.0,0,0,218629,13.5,,S,1,13.5,Mr,0,0,,,,3,3,
564,0,3,"Simmons, Mr. John",0,30.407091360383024,0,0,SOTON/OQ 392082,8.05,,S,1,8.05,Mr,0,0,,,,4,4,
565,0,3,"Meanwell, Miss. (Marion Ogden)",1,17.80783333333333,0,0,SOTON/O.Q. 392087,8.05,,S,1,8.05,Miss,0,0,,,,4,4,
566,0,3,"Davies, Mr. Alfred J",0,24.0,2,0,A/4 48871,24.15,,S,2,12.075,Mr,2,0,,,,4,4,
567,0,3,"Stoytcheff, Mr. Ilia",0,19.0,0,0,349205,7.8958,,S,1,7.8958,Mr,0,0,,,,4,4,
568,0,3,"Palsson, Mrs. Nils (Alma Cornelia Berglund)",1,29.0,0,4,349909,21.075,,S,4,5.26875,Mrs,4,0,,,,4,4,
569,0,3,"Doharr, Mr. Tannous",0,24.660543650793652,0,0,2686,7.2292,,C,1,7.2292,Mr,0,0,,,,4,4,
570,1,3,"Jonsson, Mr. Carl",0,32.0,0,0,350417,7.8542,,S,1,7.8542,Mr,0,0,,,,4,4,
571,1,2,"Harris, Mr. George",0,62.0,0,0,S.W./PP 752,10.5,,S,1,10.5,Mr,0,0,,,,4,4,
572,1,1,"Appleton, Mrs. Edward Dale (Charlotte Lamson)",1,53.0,2,0,11769,51.4792,C101,S,1,51.4792,Mrs,2,1,C,101,2,2,2,1.0
573,1,1,"Flynn, Mr. John Irwin (""Irving"")",0,36.0,0,0,PC 17474,26.3875,E25,S,1,26.3875,Mr,0,1,E,25,4,4,4,0.333
574,1,3,"Kelly, Miss. Mary",1,26.05045508658009,0,0,14312,7.75,,Q,1,7.75,Miss,0,0,,,,4,4,
575,0,3,"Rush, Mr. Alfred George John",0,16.0,0,0,A/4. 20589,8.05,,S,1,8.05,Mr,0,0,,,,4,4,
576,0,3,"Patchett, Mr. George",0,19.0,0,0,358585,14.5,,S,2,7.25,Mr,0,0,,,,4,4,
577,1,2,"Garside, Miss. Ethel",1,34.0,0,0,243880,13.0,,S,1,13.0,Miss,0,0,,,,3,3,
578,1,1,"Silvey, Mrs. William Baird (Alice Munger)",1,39.0,1,0,13507,55.9,E44,S,2,27.95,Mrs,1,1,E,44,4,4,4,0.667
579,0,3,"Caram, Mrs. Joseph (Maria Elias)",1,37.78,1,0,2689,14.4583,,C,1,14.4583,Mrs,1,0,,,,3,3,
580,1,3,"Jussila, Mr. Eiriik",0,32.0,0,0,STON/O 2. 3101286,7.925,,S,1,7.925,Mr,0,0,,,,4,4,
581,1,2,"Christy, Miss. Julie Rachel",1,25.0,1,1,237789,30.0,,S,1,30.0,Miss,2,0,,,,1,1,
582,1,1,"Thayer, Mrs. John Borland (Marian Longstreth Morris)",1,39.0,1,1,17421,110.8833,C68,C,4,27.720825,Mrs,2,1,C,68,2,2,2,0.833
583,0,2,"Downton, Mr. William James",0,54.0,0,0,28403,26.0,,S,2,13.0,Mr,0,0,,,,3,3,
584,0,1,"Ross, Mr. John Hugo",0,36.0,0,0,13049,40.125,A10,C,1,40.125,Mr,0,1,A,10,,1,1,0.167
585,0,3,"Paulner, Mr. Uscher",0,26.493023781773783,0,0,3411,8.7125,,C,1,8.7125,Mr,0,0,,,,4,4,
586,1,1,"Taussig, Miss. Ruth",1,18.0,0,2,110413,79.65,E68,S,3,26.55,Miss,2,1,E,68,4,4,4,0.833
587,0,2,"Jarvis, Mr. John Denzil",0,47.0,0,0,237565,15.0,,S,1,15.0,Mr,0,0,,,,3,3,
588,1,1,"Frolicher-Stehli, Mr. Maxmillian",0,60.0,1,1,13567,79.2,B41,C,1,79.2,Mr,2,1,B,41,1,1,1,0.5
589,0,3,"Gilinski, Mr. Eliezer",0,22.0,0,0,14973,8.05,,S,1,8.05,Mr,0,0,,,,4,4,
590,0,3,"Murdlin, Mr. Joseph",0,30.407091360383024,0,0,A./5. 3235,8.05,,S,1,8.05,Mr,0,0,,,,4,4,
591,0,3,"Rintamaki, Mr. Matti",0,35.0,0,0,STON/O 2. 3101273,7.125,,S,1,7.125,Mr,0,0,,,,4,4,
592,1,1,"Stephenson, Mrs. Walter Bertram (Martha Eustis)",1,52.0,1,0,36947,78.2667,D20,C,2,39.13335,Mrs,1,1,D,20,3,3,3,0.333
593,0,3,"Elsbury, Mr. William James",0,47.0,0,0,A/5 3902,7.25,,S,1,7.25,Mr,0,0,,,,4,4,
594,0,3,"Bourke, Miss. Mary",1,6.2139999999999995,0,2,364848,7.75,,Q,1,7.75,Miss,2,0,,,,4,4,
595,0,2,"Chapman, Mr. John Henry",0,37.0,1,0,SC/AH 29037,26.0,,S,1,26.0,Mr,1,0,,,,2,2,
596,0,3,"Van Impe, Mr. Jean Baptiste",0,36.0,1,1,345773,24.15,,S,3,8.049999999999999,Mr,2,0,,,,4,4,
597,1,2,"Leitch, Miss. Jessie Wills",1,32.52667316017315,0,0,248727,33.0,,S,3,11.0,Miss,0,0,,,,4,4,
598,0,3,"Johnson, Mr. Alfred",0,49.0,0,0,LINE,0.0,,S,4,0.0,Mr,0,0,,,,4,4,
599,0,3,"Boulos, Mr. Hanna",0,32.72380753968253,0,0,2664,7.225,,C,1,7.225,Mr,0,0,,,,4,4,
600,1,1,"Duff Gordon, Sir. Cosmo Edmund (""Mr Morgan"")",0,49.0,1,0,PC 17485,56.9292,A20,C,2,28.4646,Sir,1,1,A,20,,4,4,0.333
601,1,2,"Jacobsohn, Mrs. Sidney Samuel (Amy Frances Christy)",1,24.0,2,1,243847,27.0,,S,2,13.5,Mrs,3,0,,,,3,3,
602,0,3,"Slabenoff, Mr. Petco",0,27.960240524614342,0,0,349214,7.8958,,S,1,7.8958,Mr,0,0,,,,4,4,
603,0,1,"Harrington, Mr. Charles H",0,37.5165,0,0,113796,42.4,,S,1,42.4,Mr,0,0,,,,2,2,
604,0,3,"Torber, Mr. Ernst William",0,44.0,0,0,364511,8.05,,S,1,8.05,Mr,0,0,,,,4,4,
605,1,1,"Homer, Mr. Harry (""Mr E Haven"")",0,35.0,0,0,111426,26.55,,C,1,26.55,Mr,0,0,,,,4,4,
606,0,3,"Lindell, Mr. Edvard Bengtsson",0,36.0,1,0,349910,15.55,,S,1,15.55,Mr,1,0,,,,3,3,
607,0,3,"Karaic, Mr. Milan",0,30.0,0,0,349246,7.8958,,S,1,7.8958,Mr,0,0,,,,4,4,
608,1,1,"Daniel, Mr. Robert Williams",0,27.0,0,0,113804,30.5,,S,1,30.5,Mr,0,0,,,,2,2,
609,1,2,"Laroche, Mrs. Joseph (Juliette Marie Louise Lafargue)",1,22.0,1,2,SC/Paris 2123,41.5792,,C,3,13.859733333333333,Mrs,3,0,,,,3,3,
610,1,1,"Shutes, Miss. Elizabeth W",1,40.0,0,0,PC 17582,153.4625,C125,S,3,51.15416666666667,Miss,0,1,C,125,2,2,2,1.0
611,0,3,"Andersson, Mrs. Anders Johan (Alfrida Konstantia Brogren)",1,39.0,1,5,347082,31.275,,S,7,4.4678571428571425,Mrs,6,0,,,,4,4,
612,0,3,"Jardin, Mr. Jose Neto",0,28.10741738816739,0,0,SOTON/O.Q. 3101305,7.05,,S,1,7.05,Mr,0,0,,,,4,4,
613,1,3,"Murphy, Miss. Margaret Jane",1,24.167653499278508,1,0,367230,15.5,,Q,2,7.75,Miss,1,0,,,,4,4,
614,0,3,"Horgan, Mr. John",0,42.06354456654457,0,0,370377,7.75,,Q,1,7.75,Mr,0,0,,,,4,4,
615,0,3,"Brocklebank, Mr. William Alfred",0,35.0,0,0,364512,8.05,,S,1,8.05,Mr,0,0,,,,4,4,
616,1,2,"Herman, Miss. Alice",1,24.0,1,2,220845,65.0,,S,2,32.5,Miss,3,0,,,,2,2,
617,0,3,"Danbom, Mr. Ernst Gilbert",0,34.0,1,1,347080,14.4,,S,2,7.2,Mr,2,0,,,,4,4,
618,0,3,"Lobb, Mrs. William Arthur (Cordelia K Stanlick)",1,26.0,1,0,A/5. 3336,16.1,,S,2,8.05,Mrs,1,0,,,,4,4,
619,1,2,"Becker, Miss. Marion Louise",1,4.0,2,1,230136,39.0,F4,S,2,19.5,Miss,3,1,F,4,,3,3,0.167
620,0,2,"Gavey, Mr. Lawrence",0,26.0,0,0,31028,10.5,,S,1,10.5,Mr,0,0,,,,4,4,
621,0,3,"Yasbeck, Mr. Antoni",0,27.0,1,0,2659,14.4542,,C,2,7.2271,Mr,1,0,,,,4,4,
622,1,1,"Kimball, Mr. Edwin Nelson Jr",0,42.0,1,0,11753,52.5542,D19,S,1,52.5542,Mr,1,1,D,19,3,3,3,0.333
623,1,3,"Nakid, Mr. Sahid",0,20.0,1,1,2653,15.7417,,C,2,7.87085,Mr,2,0,,,,4,4,
624,0,3,"Hansen, Mr. Henry Damsgaard",0,21.0,0,0,350029,7.8542,,S,1,7.8542,Mr,0,0,,,,4,4,
625,0,3,"Bowen, Mr. David John ""Dai""",0,21.0,0,0,54636,16.1,,S,2,8.05,Mr,0,0,,,,4,4,
626,0,1,"Sutton, Mr. Frederick",0,61.0,0,0,36963,32.3208,D50,S,1,32.3208,Mr,0,1,D,50,3,3,3,0.667
627,0,2,"Kirkland, Rev. Charles Leonard",0,57.0,0,0,219533,12.35,,Q,1,12.35,Rev,0,0,,,,4,4,
628,1,1,"Longley, Miss. Gretchen Fiske",1,21.0,0,0,13502,77.9583,D9,S,3,25.986099999999997,Miss,0,1,D,9,3,3,3,0.167
629,0,3,"Bostandyeff, Mr. Guentcho",0,26.0,0,0,349224,7.8958,,S,1,7.8958,Mr,0,0,,,,4,4,
630,0,3,"O'Connell, Mr. Patrick D",0,24.28550468975469,0,0,334912,7.7333,,Q,1,7.7333,Mr,0,0,,,,4,4,
631,1,1,"Barkworth, Mr. Algernon Henry Wilson",0,80.0,0,0,27042,30.0,A23,S,1,30.0,Mr,0,1,A,23,,3,3,0.333
632,0,3,"Lundahl, Mr. Johan Svensson",0,51.0,0,0,347743,7.0542,,S,1,7.0542,Mr,0,0,,,,4,4,
633,1,1,"Stahelin-Maeglin, Dr. Max",0,32.0,0,0,13214,30.5,B50,C,1,30.5,Dr,0,1,B,50,1,1,1,0.667
634,0,1,"Parr, Mr. William Henry Marsh",0,38.462999999999994,0,0,112052,0.0,,S,1,0.0,Mr,0,0,,,,1,1,
635,0,3,"Skoog, Miss. Mabel",1,9.0,3,2,347088,27.9,,S,6,4.6499999999999995,Miss,5,0,,,,4,4,
636,1,2,"Davis, Miss. Mary",1,28.0,0,0,237668,13.0,,S,1,13.0,Miss,0,0,,,,3,3,
637,0,3,"Leinonen, Mr. Antti Gustaf",0,32.0,0,0,STON/O 2. 3101292,7.925,,S,1,7.925,Mr,0,0,,,,4,4,
638,0,2,"Collyer, Mr. Harvey",0,31.0,1,1,C.A. 31921,26.25,,S,3,8.75,Mr,2,0,,,,4,4,
639,0,3,"Panula, Mrs. Juha (Maria Emilia Ojala)",1,41.0,0,5,3101295,39.6875,,S,6,6.614583333333333,Mrs,5,0,,,,4,4,
640,0,3,"Thorneycroft, Mr. Percival",0,29.60611586262168,1,0,376564,16.1,,S,2,8.05,Mr,1,0,,,,4,4,
641,0,3,"Jensen, Mr. Hans Peder",0,20.0,0,0,350050,7.8542,,S,1,7.8542,Mr,0,0,,,,4,4,
642,1,1,"Sagesser, Mlle. Emma",1,24.0,0,0,PC 17477,69.3,B35,C,2,34.65,Mlle,0,1,B,35,1,1,1,0.5
643,0,3,"Skoog, Miss. Margit Elizabeth",1,2.0,3,2,347088,27.9,,S,6,4.6499999999999995,Miss,5,0,,,,4,4,
644,1,3,"Foo, Mr. Choong",0,29.71770552818829,0,0,1601,56.4958,,S,7,8.070828571428573,Mr,0,0,,,,4,4,
645,1,3,"Baclini, Miss. Eugenie",1,0.75,2,1,2666,19.2583,,C,4,4.814575,Miss,3,0,,,,4,4,
646,1,1,"Harper, Mr. Henry Sleeper",0,48.0,1,0,PC 17572,76.7292,D33,C,3,25.576400000000003,Mr,1,1,D,33,3,3,3,0.5
647,0,3,"Cor, Mr. Liudevit",0,19.0,0,0,349231,7.8958,,S,1,7.8958,Mr,0,0,,,,4,4,
648,1,1,"Simonius-Blumer, Col. Oberst Alfons",0,56.0,0,0,13213,35.5,A26,C,1,35.5,Col,0,1,A,26,,2,2,0.333
649,0,3,"Willey, Mr. Edward",0,36.31,0,0,S.O./P.P. 751,7.55,,S,1,7.55,Mr,0,0,,,,4,4,
650,1,3,"Stanley, Miss. Amy Zillah Elsie",1,23.0,0,0,CA. 2314,7.55,,S,1,7.55,Miss,0,0,,,,4,4,
651,0,3,"Mitkoff, Mr. Mito",0,27.960240524614342,0,0,349221,7.8958,,S,1,7.8958,Mr,0,0,,,,4,4,
652,1,2,"Doling, Miss. Elsie",1,18.0,0,1,231919,23.0,,S,2,11.5,Miss,1,0,,,,4,4,
653,0,3,"Kalvik, Mr. Johannes Halvorsen",0,21.0,0,0,8475,8.4333,,S,1,8.4333,Mr,0,0,,,,4,4,
654,1,3,"O'Leary, Miss. Hanora ""Norah""",1,23.677309523809523,0,0,330919,7.8292,,Q,1,7.8292,Miss,0,0,,,,4,4,
655,0,3,"Hegarty, Miss. Hanora ""Nora""",1,18.0,0,0,365226,6.75,,Q,1,6.75,Miss,0,0,,,,4,4,
656,0,2,"Hickman, Mr. Leonard Mark",0,24.0,2,0,S.O.C. 14879,73.5,,S,5,14.7,Mr,2,0,,,,3,3,
657,0,3,"Radeff, Mr. Alexander",0,27.960240524614342,0,0,349223,7.8958,,S,1,7.8958,Mr,0,0,,,,4,4,
658,0,3,"Bourke, Mrs. John (Catherine)",1,32.0,1,1,364849,15.5,,Q,2,7.75,Mrs,2,0,,,,4,4,
659,0,2,"Eitemiller, Mr. George Floyd",0,23.0,0,0,29751,13.0,,S,1,13.0,Mr,0,0,,,,3,3,
660,0,1,"Newell, Mr. Arthur Webster",0,58.0,0,2,35273,113.275,D48,C,3,37.75833333333333,Mr,2,1,D,48,3,3,3,0.667
661,1,1,"Frauenthal, Dr. Henry William",0,50.0,2,0,PC 17611,133.65,,S,2,66.825,Dr,2,0,,,,2,2,
662,0,3,"Badt, Mr. Mohamed",0,40.0,0,0,2623,7.225,,C,1,7.225,Mr,0,0,,,,4,4,
663,0,1,"Colley, Mr. Edward Pomeroy",0,47.0,0,0,5727,25.5875,E58,S,1,25.5875,Mr,0,1,E,58,4,4,4,0.667
664,0,3,"Coleff, Mr. Peju",0,36.0,0,0,349210,7.4958,,S,1,7.4958,Mr,0,0,,,,4,4,
665,1,3,"Lindqvist, Mr. Eino William",0,20.0,1,0,STON/O 2. 3101285,7.925,,S,1,7.925,Mr,1,0,,,,4,4,
666,0,2,"Hickman, Mr. Lewis",0,32.0,2,0,S.O.C. 14879,73.5,,S,5,14.7,Mr,2,0,,,,3,3,
667,0,2,"Butler, Mr. Reginald Fenton",0,25.0,0,0,234686,13.0,,S,1,13.0,Mr,0,0,,,,3,3,
668,0,3,"Rommetvedt, Mr. Knud Paust",0,29.837528887778895,0,0,312993,7.775,,S,1,7.775,Mr,0,0,,,,4,4,
669,0,3,"Cook, Mr. Jacob",0,43.0,0,0,A/5 3536,8.05,,S,1,8.05,Mr,0,0,,,,4,4,
670,1,1,"Taylor, Mrs. Elmer Zebley (Juliet Cummins Wright)",1,38.74404761904762,1,0,19996,52.0,C126,S,2,26.0,Mrs,1,0,C,126,2,2,2,1.0
671,1,2,"Brown, Mrs. Thomas William Solomon (Elizabeth Catherine Ford)",1,40.0,1,1,29750,39.0,,S,2,19.5,Mrs,2,0,,,,3,3,
672,0,1,"Davidson, Mr. Thornton",0,31.0,1,0,F.C. 12750,52.0,B71,S,1,52.0,Mr,1,1,B,71,1,1,1,0.833
673,0,2,"Mitchell, Mr. Henry Michael",0,70.0,0,0,C.A. 24580,10.5,,S,1,10.5,Mr,0,0,,,,4,4,
674,1,2,"Wilhelms, Mr. Charles",0,31.0,0,0,244270,13.0,,S,1,13.0,Mr,0,0,,,,3,3,
675,0,2,"Watson, Mr. Ennis Hastings",0,32.53888935574229,0,0,239856,0.0,,S,1,0.0,Mr,0,0,,,,4,4,
676,0,3,"Edvardsson, Mr. Gustaf Hjalmar",0,18.0,0,0,349912,7.775,,S,1,7.775,Mr,0,0,,,,4,4,
677,0,3,"Sawyer, Mr. Frederick Charles",0,24.5,0,0,342826,8.05,,S,1,8.05,Mr,0,0,,,,4,4,
678,1,3,"Turja, Miss. Anna Sofia",1,18.0,0,0,4138,9.8417,,S,1,9.8417,Miss,0,0,,,,4,4,
679,0,3,"Goodwin, Mrs. Frederick (Augusta Tyler)",1,43.0,1,6,CA 2144,46.9,,S,6,7.816666666666666,Mrs,7,0,,,,4,4,
680,1,1,"Cardeza, Mr. Thomas Drake Martinez",0,36.0,0,1,PC 17755,512.3292,B51 B53 B55,C,3,170.7764,Mr,1,1,B,53,1,1,1,0.667
681,0,3,"Peters, Miss. Katie",1,17.80783333333333,0,0,330935,8.1375,,Q,1,8.1375,Miss,0,0,,,,4,4,
682,1,1,"Hassab, Mr. Hammad",0,27.0,0,0,PC 17572,76.7292,D49,C,3,25.576400000000003,Mr,0,1,D,49,3,3,3,0.667
683,0,3,"Olsvigen, Mr. Thor Anderson",0,20.0,0,0,6563,9.225,,S,1,9.225,Mr,0,0,,,,4,4,
684,0,3,"Goodwin, Mr. Charles Edward",0,14.0,5,2,CA 2144,46.9,,S,6,7.816666666666666,Mr,7,0,,,,4,4,
685,0,2,"Brown, Mr. Thomas William Solomon",0,60.0,1,1,29750,39.0,,S,2,19.5,Mr,2,0,,,,3,3,
686,0,2,"Laroche, Mr. Joseph Philippe Lemercier",0,25.0,1,2,SC/Paris 2123,41.5792,,C,3,13.859733333333333,Mr,3,0,,,,3,3,
687,0,3,"Panula, Mr. Jaako Arnold",0,14.0,4,1,3101295,39.6875,,S,6,6.614583333333333,Mr,5,0,,,,4,4,
688,0,3,"Dakic, Mr. Branko",0,19.0,0,0,349228,10.1708,,S,1,10.1708,Mr,0,0,,,,4,4,
689,0,3,"Fischer, Mr. Eberhard Thelander",0,18.0,0,0,350036,7.7958,,S,1,7.7958,Mr,0,0,,,,4,4,
690,1,1,"Madill, Miss. Georgette Alexandra",1,15.0,0,1,24160,211.3375,B5,S,3,70.44583333333334,Miss,1,1,B,5,1,1,1,0.167
691,1,1,"Dick, Mr. Albert Adrian",0,31.0,1,0,17474,57.0,B20,S,2,28.5,Mr,1,1,B,20,1,1,1,0.333
692,1,3,"Karun, Miss. Manca",1,4.0,0,1,349256,13.4167,,C,1,13.4167,Miss,1,0,,,,3,3,
693,1,3,"Lam, Mr. Ali",0,29.71770552818829,0,0,1601,56.4958,,S,7,8.070828571428573,Mr,0,0,,,,4,4,
694,0,3,"Saad, Mr. Khalil",0,25.0,0,0,2672,7.225,,C,1,7.225,Mr,0,0,,,,4,4,
695,0,1,"Weir, Col. John",0,60.0,0,0,113800,26.55,,S,1,26.55,Col,0,0,,,,4,4,
696,0,2,"Chapman, Mr. Charles Henry",0,52.0,0,0,248731,13.5,,S,1,13.5,Mr,0,0,,,,3,3,
697,0,3,"Kelly, Mr. James",0,44.0,0,0,363592,8.05,,S,1,8.05,Mr,0,0,,,,4,4,
698,1,3,"Mullens, Miss. Katherine ""Katie""",1,19.85379058441558,0,0,35852,7.7333,,Q,1,7.7333,Miss,0,0,,,,4,4,
699,0,1,"Thayer, Mr. John Borland",0,49.0,1,1,17421,110.8833,C68,C,4,27.720825,Mr,2,1,C,68,2,2,2,0.833
700,0,3,"Humblen, Mr. Adolf Mathias Nicolai Olsen",0,42.0,0,0,348121,7.65,F G63,S,1,7.65,Mr,0,1,GF,63,,4,4,0.667
701,1,1,"Astor, Mrs. John Jacob (Madeleine Talmadge Force)",1,18.0,1,0,PC 17757,227.525,C62 C64,C,4,56.88125,Mrs,1,1,C,63,2,2,2,0.667
702,1,1,"Silverthorne, Mr. Spencer Victor",0,35.0,0,0,PC 17475,26.2875,E24,S,1,26.2875,Mr,0,1,E,24,4,4,4,0.333
703,0,3,"Barbara, Miss. Saiide",1,18.0,0,1,2691,14.4542,,C,2,7.2271,Miss,1,0,,,,4,4,
704,0,3,"Gallagher, Mr. Martin",0,25.0,0,0,36864,7.7417,,Q,1,7.7417,Mr,0,0,,,,4,4,
705,0,3,"Hansen, Mr. Henrik Juul",0,26.0,1,0,350025,7.8542,,S,1,7.8542,Mr,1,0,,,,4,4,
706,0,2,"Morley, Mr. Henry Samuel (""Mr Henry Marshall"")",0,39.0,0,0,250655,26.0,,S,2,13.0,Mr,0,0,,,,3,3,
707,1,2,"Kelly, Mrs. Florence ""Fannie""",1,45.0,0,0,223596,13.5,,S,1,13.5,Mrs,0,0,,,,3,3,
708,1,1,"Calderhead, Mr. Edward Pennington",0,42.0,0,0,PC 17476,26.2875,E24,S,1,26.2875,Mr,0,1,E,24,4,4,4,0.333
709,1,1,"Cleaver, Miss. Alice",1,22.0,0,0,113781,151.55,,S,4,37.8875,Miss,0,0,,,,2,2,
710,1,3,"Moubarek, Master. Halim Gonios (""William George"")",0,6.064933333333333,1,1,2661,15.2458,,C,2,7.6229,Master,2,0,,,,4,4,
711,1,1,"Mayne, Mlle. Berthe Antonine (""Mrs de Villiers"")",1,24.0,0,0,PC 17482,49.5042,C90,C,1,49.5042,Mlle,0,1,C,90,2,2,2,0.833
712,0,1,"Klaber, Mr. Herman",0,48.93431224855295,0,0,113028,26.55,C124,S,1,26.55,Mr,0,0,C,124,2,2,2,1.0
713,1,1,"Taylor, Mr. Elmer Zebley",0,48.0,1,0,19996,52.0,C126,S,2,26.0,Mr,1,1,C,126,2,2,2,1.0
714,0,3,"Larsson, Mr. August Viktor",0,29.0,0,0,7545,9.4833,,S,1,9.4833,Mr,0,0,,,,4,4,
715,0,2,"Greenberg, Mr. Samuel",0,52.0,0,0,250647,13.0,,S,2,6.5,Mr,0,0,,,,4,4,
716,0,3,"Soholt, Mr. Peter Andreas Lauritz Andersen",0,19.0,0,0,348124,7.65,F G73,S,1,7.65,Mr,0,1,GF,73,,4,4,0.833
717,1,1,"Endres, Miss. Caroline Louise",1,38.0,0,0,PC 17757,227.525,C45,C,4,56.88125,Miss,0,1,C,45,2,2,2,0.667
718,1,2,"Troutt, Miss. Edwina Celia ""Winnie""",1,27.0,0,0,34218,10.5,E101,S,1,10.5,Miss,0,1,E,101,4,4,4,1.0
719,0,3,"McEvoy, Mr. Michael",0,33.18038461538461,0,0,36568,15.5,,Q,1,15.5,Mr,0,0,,,,3,3,
720,0,3,"Johnson, Mr. Malkolm Joackim",0,33.0,0,0,347062,7.775,,S,1,7.775,Mr,0,0,,,,4,4,
721,1,2,"Harper, Miss. Annie Jessie ""Nina""",1,6.0,0,1,248727,33.0,,S,3,11.0,Miss,1,0,,,,4,4,
722,0,3,"Jensen, Mr. Svend Lauritz",0,17.0,1,0,350048,7.0542,,S,1,7.0542,Mr,1,0,,,,4,4,
723,0,2,"Gillespie, Mr. William Henry",0,34.0,0,0,12233,13.0,,S,1,13.0,Mr,0,0,,,,3,3,
724,0,2,"Hodges, Mr. Henry Price",0,50.0,0,0,250643,13.0,,S,1,13.0,Mr,0,0,,,,3,3,
725,1,1,"Chambers, Mr. Norman Campbell",0,27.0,1,0,113806,53.1,E8,S,2,26.55,Mr,1,1,E,8,4,4,4,0.167
726,0,3,"Oreskovic, Mr. Luka",0,20.0,0,0,315094,8.6625,,S,1,8.6625,Mr,0,0,,,,4,4,
727,1,2,"Renouf, Mrs. Peter Henry (Lillian Jefferys)",1,30.0,3,0,31027,21.0,,S,2,10.5,Mrs,3,0,,,,4,4,
728,1,3,"Mannion, Miss. Margareth",1,19.85379058441558,0,0,36866,7.7375,,Q,1,7.7375,Miss,0,0,,,,4,4,
729,0,2,"Bryhl, Mr. Kurt Arnold Gottfrid",0,25.0,1,0,236853,26.0,,S,1,26.0,Mr,1,0,,,,2,2,
730,0,3,"Ilmakangas, Miss. Pieta Sofia",1,25.0,1,0,STON/O2. 3101271,7.925,,S,1,7.925,Miss,1,0,,,,4,4,
731,1,1,"Allen, Miss. Elisabeth Walton",1,29.0,0,0,24160,211.3375,B5,S,3,70.44583333333334,Miss,0,1,B,5,1,1,1,0.167
732,0,3,"Hassan, Mr. Houssein G N",0,11.0,0,0,2699,18.7875,,C,2,9.39375,Mr,0,0,,,,4,4,
733,0,2,"Knight, Mr. Robert J",0,32.53888935574229,0,0,239855,0.0,,S,1,0.0,Mr,0,0,,,,4,4,
734,0,2,"Berriman, Mr. William John",0,23.0,0,0,28425,13.0,,S,1,13.0,Mr,0,0,,,,3,3,
735,0,2,"Troupiansky, Mr. Moses Aaron",0,23.0,0,0,233639,13.0,,S,1,13.0,Mr,0,0,,,,3,3,
736,0,3,"Williams, Mr. Leslie",0,28.5,0,0,54636,16.1,,S,2,8.05,Mr,0,0,,,,4,4,
737,0,3,"Ford, Mrs. Edward (Margaret Ann Watson)",1,48.0,1,3,W./C. 6608,34.375,,S,4,8.59375,Mrs,4,0,,,,4,4,
738,1,1,"Lesurer, Mr. Gustave J",0,35.0,0,0,PC 17755,512.3292,B101,C,3,170.7764,Mr,0,1,B,101,1,1,1,1.0
739,0,3,"Ivanoff, Mr. Kanio",0,27.960240524614342,0,0,349201,7.8958,,S,1,7.8958,Mr,0,0,,,,4,4,
740,0,3,"Nankoff, Mr. Minko",0,27.960240524614342,0,0,349218,7.8958,,S,1,7.8958,Mr,0,0,,,,4,4,
741,1,1,"Hawksford, Mr. Walter James",0,44.550821428571425,0,0,16988,30.0,D45,S,1,30.0,Mr,0,0,D,45,3,3,3,0.667
742,0,1,"Cavendish, Mr. Tyrell William",0,36.0,1,0,19877,78.85,C46,S,2,39.425,Mr,1,1,C,46,2,2,2,0.667
743,1,1,"Ryerson, Miss. Susan Parker ""Suzette""",1,21.0,2,2,PC 17608,262.375,B57 B59 B63 B66,C,2,131.1875,Miss,4,1,B,61,1,1,1,0.667
744,0,3,"McNamee, Mr. Neal",0,24.0,1,0,376566,16.1,,S,1,16.1,Mr,1,0,,,,3,3,
745,1,3,"Stranden, Mr. Juho",0,31.0,0,0,STON/O 2. 3101288,7.925,,S,1,7.925,Mr,0,0,,,,4,4,
746,0,1,"Crosby, Capt. Edward Gifford",0,70.0,1,1,WE/P 5735,71.0,B22,S,2,35.5,Capt,2,1,B,22,1,1,1,0.333
747,0,3,"Abbott, Mr. Rossmore Edward",0,16.0,1,1,C.A. 2673,20.25,,S,2,10.125,Mr,2,0,,,,4,4,
748,1,2,"Sinkkonen, Miss. Anna",1,30.0,0,0,250648,13.0,,S,1,13.0,Miss,0,0,,,,3,3,
749,0,1,"Marvin, Mr. Daniel Warner",0,19.0,1,0,113773,53.1,D30,S,1,53.1,Mr,1,1,D,30,3,3,3,0.5
750,0,3,"Connaghton, Mr. Michael",0,31.0,0,0,335097,7.75,,Q,1,7.75,Mr,0,0,,,,4,4,
751,1,2,"Wells, Miss. Joan",1,4.0,1,1,29103,23.0,,S,1,23.0,Miss,2,0,,,,3,3,
752,1,3,"Moor, Master. Meier",0,6.0,0,1,392096,12.475,E121,S,2,6.2375,Master,1,1,E,121,4,4,4,1.0
753,0,3,"Vande Velde, Mr. Johannes Joseph",0,33.0,0,0,345780,9.5,,S,1,9.5,Mr,0,0,,,,4,4,
754,0,3,"Jonkoff, Mr. Lalio",0,23.0,0,0,349204,7.8958,,S,1,7.8958,Mr,0,0,,,,4,4,
755,1,2,"Herman, Mrs. Samuel (Jane Laver)",1,48.0,1,2,220845,65.0,,S,2,32.5,Mrs,3,0,,,,2,2,
756,1,2,"Hamalainen, Master. Viljo",0,0.67,1,1,250649,14.5,,S,2,7.25,Master,2,0,,,,4,4,
757,0,3,"Carlsson, Mr. August Sigfrid",0,28.0,0,0,350042,7.7958,,S,1,7.7958,Mr,0,0,,,,4,4,
758,0,2,"Bailey, Mr. Percy Andrew",0,18.0,0,0,29108,11.5,,S,1,11.5,Mr,0,0,,,,4,4,
759,0,3,"Theobald, Mr. Thomas Leonard",0,34.0,0,0,363294,8.05,,S,1,8.05,Mr,0,0,,,,4,4,
760,1,1,"Rothes, the Countess. of (Lucy Noel Martha Dyer-Edwards)",1,33.0,0,0,110152,86.5,B77,S,3,28.833333333333332,Countess,0,1,B,77,1,1,1,0.833
761,0,3,"Garfirth, Mr. John",0,29.890370865245867,0,0,358585,14.5,,S,2,7.25,Mr,0,0,,,,4,4,
762,0,3,"Nirva, Mr. Iisakki Antino Aijo",0,41.0,0,0,SOTON/O2 3101272,7.125,,S,1,7.125,Mr,0,0,,,,4,4,
763,1,3,"Barah, Mr. Hanna Assi",0,20.0,0,0,2663,7.2292,,C,1,7.2292,Mr,0,0,,,,4,4,
764,1,1,"Carter, Mrs. William Ernest (Lucile Polk)",1,36.0,1,2,113760,120.0,B96 B98,S,4,30.0,Mrs,3,1,B,97,1,1,1,1.0
765,0,3,"Eklund, Mr. Hans Linus",0,16.0,0,0,347074,7.775,,S,1,7.775,Mr,0,0,,,,4,4,
766,1,1,"Hogeboom, Mrs. John C (Anna Andrews)",1,51.0,1,0,13502,77.9583,D11,S,3,25.986099999999997,Mrs,1,1,D,11,3,3,3,0.167
767,0,1,"Brewe, Dr. Arthur Jackson",0,38.89816666666667,0,0,112379,39.6,,C,1,39.6,Dr,0,0,,,,1,1,
768,0,3,"Mangan, Miss. Mary",1,30.5,0,0,364850,7.75,,Q,1,7.75,Miss,0,0,,,,4,4,
769,0,3,"Moran, Mr. Daniel J",0,29.60611586262168,1,0,371110,24.15,,Q,3,8.049999999999999,Mr,1,0,,,,4,4,
770,0,3,"Gronnestad, Mr. Daniel Danielsen",0,32.0,0,0,8471,8.3625,,S,1,8.3625,Mr,0,0,,,,4,4,
771,0,3,"Lievens, Mr. Rene Aime",0,24.0,0,0,345781,9.5,,S,1,9.5,Mr,0,0,,,,4,4,
772,0,3,"Jensen, Mr. Niels Peder",0,48.0,0,0,350047,7.8542,,S,1,7.8542,Mr,0,0,,,,4,4,
773,0,2,"Mack, Mrs. (Mary)",1,57.0,0,0,S.O./P.P. 3,10.5,E77,S,2,5.25,Mrs,0,1,E,77,4,4,4,0.833
774,0,3,"Elias, Mr. Dibo",0,32.72380753968253,0,0,2674,7.225,,C,1,7.225,Mr,0,0,,,,4,4,
775,1,2,"Hocking, Mrs. Elizabeth (Eliza Needs)",1,54.0,1,3,29105,23.0,,S,1,23.0,Mrs,4,0,,,,3,3,
776,0,3,"Myhrman, Mr. Pehr Fabian Oliver Malkolm",0,18.0,0,0,347078,7.75,,S,1,7.75,Mr,0,0,,,,4,4,
777,0,3,"Tobin, Mr. Roger",0,42.06354456654457,0,0,383121,7.75,F38,Q,1,7.75,Mr,0,0,F,38,,4,4,0.5
778,1,3,"Emanuel, Miss. Virginia Ethel",1,5.0,0,0,364516,12.475,,S,2,6.2375,Miss,0,0,,,,4,4,
779,0,3,"Kilgannon, Mr. Thomas J",0,24.28550468975469,0,0,36865,7.7375,,Q,1,7.7375,Mr,0,0,,,,4,4,
780,1,1,"Robert, Mrs. Edward Scott (Elisabeth Walton McMillan)",1,43.0,0,1,24160,211.3375,B3,S,3,70.44583333333334,Mrs,1,1,B,3,1,1,1,0.167
781,1,3,"Ayoub, Miss. Banoura",1,13.0,0,0,2687,7.2292,,C,1,7.2292,Miss,0,0,,,,4,4,
782,1,1,"Dick, Mrs. Albert Adrian (Vera Gillespie)",1,17.0,1,0,17474,57.0,B20,S,2,28.5,Mrs,1,1,B,20,1,1,1,0.333
783,0,1,"Long, Mr. Milton Clyde",0,29.0,0,0,113501,30.0,D6,S,1,30.0,Mr,0,1,D,6,3,3,3,0.167
784,0,3,"Johnston, Mr. Andrew G",0,26.435,1,2,W./C. 6607,23.45,,S,2,11.725,Mr,3,0,,,,4,4,
785,0,3,"Ali, Mr. William",0,25.0,0,0,SOTON/O.Q. 3101312,7.05,,S,1,7.05,Mr,0,0,,,,4,4,
786,0,3,"Harmer, Mr. Abraham (David Lishin)",0,25.0,0,0,374887,7.25,,S,1,7.25,Mr,0,0,,,,4,4,
787,1,3,"Sjoblom, Miss. Anna Sofia",1,18.0,0,0,3101265,7.4958,,S,1,7.4958,Miss,0,0,,,,4,4,
788,0,3,"Rice, Master. George Hugh",0,8.0,4,1,382652,29.125,,Q,5,5.825,Master,5,0,,,,4,4,
789,1,3,"Dean, Master. Bertram Vere",0,1.0,1,2,C.A. 2315,20.575,,S,2,10.2875,Master,3,0,,,,4,4,
790,0,1,"Guggenheim, Mr. Benjamin",0,46.0,0,0,PC 17593,79.2,B82 B84,C,2,39.6,Mr,0,1,B,83,1,1,1,0.833
791,0,3,"Keane, Mr. Andrew ""Andy""",0,42.06354456654457,0,0,12460,7.75,,Q,1,7.75,Mr,0,0,,,,4,4,
792,0,2,"Gaskell, Mr. Alfred",0,16.0,0,0,239865,26.0,,S,2,13.0,Mr,0,0,,,,3,3,
793,0,3,"Sage, Miss. Stella Anna",1,12.981428571428573,8,2,CA. 2343,69.55,,S,7,9.935714285714285,Miss,10,0,,,,4,4,
794,0,1,"Hoyt, Mr. William Fisher",0,50.532,0,0,PC 17600,30.6958,,C,1,30.6958,Mr,0,0,,,,2,2,
795,0,3,"Dantcheff, Mr. Ristiu",0,25.0,0,0,349203,7.8958,,S,1,7.8958,Mr,0,0,,,,4,4,
796,0,2,"Otter, Mr. Richard",0,39.0,0,0,28213,13.0,,S,1,13.0,Mr,0,0,,,,3,3,
797,1,1,"Leader, Dr. Alice (Farnham)",1,49.0,0,0,17465,25.9292,D17,S,1,25.9292,Dr,0,1,D,17,3,3,3,0.167
798,1,3,"Osman, Mrs. Mara",1,31.0,0,0,349244,8.6833,,S,1,8.6833,Mrs,0,0,,,,4,4,
799,0,3,"Ibrahim Shawah, Mr. Yousseff",0,30.0,0,0,2685,7.2292,,C,1,7.2292,Mr,0,0,,,,4,4,
800,0,3,"Van Impe, Mrs. Jean Baptiste (Rosalie Paula Govaert)",1,30.0,1,1,345773,24.15,,S,3,8.049999999999999,Mrs,2,0,,,,4,4,
801,0,2,"Ponesell, Mr. Martin",0,34.0,0,0,250647,13.0,,S,2,6.5,Mr,0,0,,,,4,4,
802,1,2,"Collyer, Mrs. Harvey (Charlotte Annie Tate)",1,31.0,1,1,C.A. 31921,26.25,,S,3,8.75,Mrs,2,0,,,,4,4,
803,1,1,"Carter, Master. William Thornton II",0,11.0,1,2,113760,120.0,B96 B98,S,4,30.0,Master,3,1,B,97,1,1,1,1.0
804,1,3,"Thomas, Master. Assad Alexander",0,0.42,0,1,2625,8.5167,,C,1,8.5167,Master,1,0,,,,4,4,
805,1,3,"Hedman, Mr. Oskar Arvid",0,27.0,0,0,347089,6.975,,S,1,6.975,Mr,0,0,,,,4,4,
806,0,3,"Johansson, Mr. Karl Johan",0,31.0,0,0,347063,7.775,,S,1,7.775,Mr,0,0,,,,4,4,
807,0,1,"Andrews, Mr. Thomas Jr",0,39.0,0,0,112050,0.0,A36,S,1,0.0,Mr,0,1,A,36,,1,1,0.5
808,0,3,"Pettersson, Miss. Ellen Natalia",1,18.0,0,0,347087,7.775,,S,1,7.775,Miss,0,0,,,,4,4,
809,0,2,"Meyer, Mr. August",0,39.0,0,0,248723,13.0,,S,1,13.0,Mr,0,0,,,,3,3,
810,1,1,"Chambers, Mrs. Norman Campbell (Bertha Griggs)",1,33.0,1,0,113806,53.1,E8,S,2,26.55,Mrs,1,1,E,8,4,4,4,0.167
811,0,3,"Alexander, Mr. William",0,26.0,0,0,3474,7.8875,,S,1,7.8875,Mr,0,0,,,,4,4,
812,0,3,"Lester, Mr. James",0,39.0,0,0,A/4 48871,24.15,,S,2,12.075,Mr,0,0,,,,4,4,
813,0,2,"Slemen, Mr. Richard James",0,35.0,0,0,28206,10.5,,S,1,10.5,Mr,0,0,,,,4,4,
814,0,3,"Andersson, Miss. Ebba Iris Alfrida",1,6.0,4,2,347082,31.275,,S,7,4.4678571428571425,Miss,6,0,,,,4,4,
815,0,3,"Tomlin, Mr. Ernest Portage",0,30.5,0,0,364499,8.05,,S,1,8.05,Mr,0,0,,,,4,4,
816,0,1,"Fry, Mr. Richard",0,38.462999999999994,0,0,112058,0.0,B102,S,1,0.0,Mr,0,0,B,102,1,1,1,1.0
817,0,3,"Heininen, Miss. Wendla Maria",1,23.0,0,0,STON/O2. 3101290,7.925,,S,1,7.925,Miss,0,0,,,,4,4,
818,0,2,"Mallet, Mr. Albert",0,31.0,1,1,S.C./PARIS 2079,37.0042,,C,2,18.5021,Mr,2,0,,,,3,3,
819,0,3,"Holm, Mr. John Fredrik Alexander",0,43.0,0,0,C 7075,6.45,,S,1,6.45,Mr,0,0,,,,4,4,
820,0,3,"Skoog, Master. Karl Thorsten",0,10.0,3,2,347088,27.9,,S,6,4.6499999999999995,Master,5,0,,,,4,4,
821,1,1,"Hays, Mrs. Charles Melville (Clara Jennings Gregg)",1,52.0,1,1,12749,93.5,B69,S,2,46.75,Mrs,2,1,B,69,1,1,1,0.833
822,1,3,"Lulic, Mr. Nikola",0,27.0,0,0,315098,8.6625,,S,1,8.6625,Mr,0,0,,,,4,4,
823,0,1,"Reuchlin, Jonkheer. John George",0,38.0,0,0,19972,0.0,,S,1,0.0,Jonkheer,0,0,,,,1,1,
824,1,3,"Moor, Mrs. (Beila)",1,27.0,0,1,392096,12.475,E121,S,2,6.2375,Mrs,1,1,E,121,4,4,4,1.0
825,0,3,"Panula, Master. Urho Abraham",0,2.0,4,1,3101295,39.6875,,S,6,6.614583333333333,Master,5,0,,,,4,4,
826,0,3,"Flynn, Mr. John",0,36.50085714285714,0,0,368323,6.95,,Q,1,6.95,Mr,0,0,,,,4,4,
827,0,3,"Lam, Mr. Len",0,29.71770552818829,0,0,1601,56.4958,,S,7,8.070828571428573,Mr,0,0,,,,4,4,
828,1,2,"Mallet, Master. Andre",0,1.0,0,2,S.C./PARIS 2079,37.0042,,C,2,18.5021,Master,2,0,,,,3,3,
829,1,3,"McCormack, Mr. Thomas Joseph",0,42.06354456654457,0,0,367228,7.75,,Q,1,7.75,Mr,0,0,,,,4,4,
830,1,1,"Stone, Mrs. George Nelson (Martha Evelyn)",1,62.0,0,0,113572,80.0,B28,S,2,40.0,Mrs,0,0,B,28,1,1,1,0.333
831,1,3,"Yasbeck, Mrs. Antoni (Selini Alexander)",1,15.0,1,0,2659,14.4542,,C,2,7.2271,Mrs,1,0,,,,4,4,
832,1,2,"Richards, Master. George Sibley",0,0.83,1,1,29106,18.75,,S,3,6.25,Master,2,0,,,,4,4,
833,0,3,"Saad, Mr. Amin",0,24.660543650793652,0,0,2671,7.2292,,C,1,7.2292,Mr,0,0,,,,4,4,
834,0,3,"Augustsson, Mr. Albert",0,23.0,0,0,347468,7.8542,,S,1,7.8542,Mr,0,0,,,,4,4,
835,0,3,"Allum, Mr. Owen George",0,18.0,0,0,2223,8.3,,S,1,8.3,Mr,0,0,,,,4,4,
836,1,1,"Compton, Miss. Sara Rebecca",1,39.0,1,1,PC 17756,83.1583,E49,C,1,83.1583,Miss,2,1,E,49,4,4,4,0.667
837,0,3,"Pasic, Mr. Jakob",0,21.0,0,0,315097,8.6625,,S,1,8.6625,Mr,0,0,,,,4,4,
838,0,3,"Sirota, Mr. Maurice",0,30.407091360383024,0,0,392092,8.05,,S,1,8.05,Mr,0,0,,,,4,4,
839,1,3,"Chip, Mr. Chang",0,32.0,0,0,1601,56.4958,,S,7,8.070828571428573,Mr,0,0,,,,4,4,
840,1,1,"Marechal, Mr. Pierre",0,50.29842857142857,0,0,11774,29.7,C47,C,1,29.7,Mr,0,0,C,47,2,2,2,0.667
841,0,3,"Alhomaki, Mr. Ilmari Rudolf",0,20.0,0,0,SOTON/O2 3101287,7.925,,S,1,7.925,Mr,0,0,,,,4,4,
842,0,2,"Mudd, Mr. Thomas Charles",0,16.0,0,0,S.O./P.P. 3,10.5,,S,2,5.25,Mr,0,0,,,,4,4,
843,1,1,"Serepeca, Miss. Augusta",1,30.0,0,0,113798,31.0,,C,2,15.5,Miss,0,0,,,,3,3,
844,0,3,"Lemberopolous, Mr. Peter L",0,34.5,0,0,2683,6.4375,,C,1,6.4375,Mr,0,0,,,,4,4,
845,0,3,"Culumovic, Mr. Jeso",0,17.0,0,0,315090,8.6625,,S,1,8.6625,Mr,0,0,,,,4,4,
846,0,3,"Abbing, Mr. Anthony",0,42.0,0,0,C.A. 5547,7.55,,S,1,7.55,Mr,0,0,,,,4,4,
847,0,3,"Sage, Mr. Douglas Bullen",0,16.783666666666665,8,2,CA. 2343,69.55,,S,7,9.935714285714285,Mr,10,0,,,,4,4,
848,0,3,"Markoff, Mr. Marin",0,35.0,0,0,349213,7.8958,,C,1,7.8958,Mr,0,0,,,,4,4,
849,0,2,"Harper, Rev. John",0,28.0,0,1,248727,33.0,,S,3,11.0,Rev,1,0,,,,4,4,
850,1,1,"Goldenberg, Mrs. Samuel L (Edwiga Grabowska)",1,37.15,1,0,17453,89.1042,C92,C,2,44.5521,Mrs,1,0,C,92,2,2,2,0.833
851,0,3,"Andersson, Master. Sigvard Harald Elias",0,4.0,4,2,347082,31.275,,S,7,4.4678571428571425,Master,6,0,,,,4,4,
852,0,3,"Svensson, Mr. Johan",0,74.0,0,0,347060,7.775,,S,1,7.775,Mr,0,0,,,,4,4,
853,0,3,"Boulos, Miss. Nourelain",1,9.0,1,1,2678,15.2458,,C,2,7.6229,Miss,2,0,,,,4,4,
854,1,1,"Lines, Miss. Mary Conover",1,16.0,0,1,PC 17592,39.4,D28,S,1,39.4,Miss,1,1,D,28,3,3,3,0.333
855,0,2,"Carter, Mrs. Ernest Courtenay (Lilian Hughes)",1,44.0,1,0,244252,26.0,,S,2,13.0,Mrs,1,0,,,,3,3,
856,1,3,"Aks, Mrs. Sam (Leah Rosen)",1,18.0,0,1,392091,9.35,,S,1,9.35,Mrs,1,0,,,,4,4,
857,1,1,"Wick, Mrs. George Dennick (Mary Hitchcock)",1,45.0,1,1,36928,164.8667,,S,2,82.43335,Mrs,2,0,,,,1,1,
858,1,1,"Daly, Mr. Peter Denis ",0,51.0,0,0,113055,26.55,E17,S,1,26.55,Mr,0,1,E,17,4,4,4,0.167
859,1,3,"Baclini, Mrs. Solomon (Latifa Qurban)",1,24.0,0,3,2666,19.2583,,C,4,4.814575,Mrs,3,0,,,,4,4,
860,0,3,"Razi, Mr. Raihed",0,24.660543650793652,0,0,2629,7.2292,,C,1,7.2292,Mr,0,0,,,,4,4,
861,0,3,"Hansen, Mr. Claus Peter",0,41.0,2,0,350026,14.1083,,S,1,14.1083,Mr,2,0,,,,3,3,
862,0,2,"Giles, Mr. Frederick Edward",0,21.0,1,0,28134,11.5,,S,1,11.5,Mr,1,0,,,,4,4,
863,1,1,"Swift, Mrs. Frederick Joel (Margaret Welles Barron)",1,48.0,0,0,17466,25.9292,D17,S,1,25.9292,Mrs,0,1,D,17,3,3,3,0.167
864,0,3,"Sage, Miss. Dorothy Edith ""Dolly""",1,12.981428571428573,8,2,CA. 2343,69.55,,S,7,9.935714285714285,Miss,10,0,,,,4,4,
865,0,2,"Gill, Mr. John William",0,24.0,0,0,233866,13.0,,S,1,13.0,Mr,0,0,,,,3,3,
866,1,2,"Bystrom, Mrs. (Karolina)",1,42.0,0,0,236852,13.0,,S,1,13.0,Mrs,0,0,,,,3,3,
867,1,2,"Duran y More, Miss. Asuncion",1,27.0,1,0,SC/PARIS 2149,13.8583,,C,1,13.8583,Miss,1,0,,,,3,3,
868,0,1,"Roebling, Mr. Washington Augustus II",0,31.0,0,0,PC 17590,50.4958,A24,S,1,50.4958,Mr,0,1,A,24,,2,2,0.333
869,0,3,"van Melkebeke, Mr. Philemon",0,25.94142193917194,0,0,345777,9.5,,S,1,9.5,Mr,0,0,,,,4,4,
870,1,3,"Johnson, Master. Harold Theodor",0,4.0,1,1,347742,11.1333,,S,3,3.7111,Master,2,0,,,,4,4,
871,0,3,"Balkic, Mr. Cerin",0,26.0,0,0,349248,7.8958,,S,1,7.8958,Mr,0,0,,,,4,4,
872,1,1,"Beckwith, Mrs. Richard Leonard (Sallie Monypeny)",1,47.0,1,1,11751,52.5542,D35,S,2,26.2771,Mrs,2,1,D,35,3,3,3,0.5
873,0,1,"Carlsson, Mr. Frans Olof",0,33.0,0,0,695,5.0,B51 B53 B55,S,1,5.0,Mr,0,1,B,53,1,1,1,0.667
874,0,3,"Vander Cruyssen, Mr. Victor",0,47.0,0,0,345765,9.0,,S,1,9.0,Mr,0,0,,,,4,4,
875,1,2,"Abelson, Mrs. Samuel (Hannah Wizosky)",1,28.0,1,0,P/PP 3381,24.0,,C,2,12.0,Mrs,1,0,,,,4,4,
876,1,3,"Najib, Miss. Adele Kiamie ""Jane""",1,15.0,0,0,2667,7.225,,C,1,7.225,Miss,0,0,,,,4,4,
877,0,3,"Gustafsson, Mr. Alfred Ossian",0,20.0,0,0,7534,9.8458,,S,2,4.9229,Mr,0,0,,,,4,4,
878,0,3,"Petroff, Mr. Nedelio",0,19.0,0,0,349212,7.8958,,S,1,7.8958,Mr,0,0,,,,4,4,
879,0,3,"Laleff, Mr. Kristo",0,27.960240524614342,0,0,349217,7.8958,,S,1,7.8958,Mr,0,0,,,,4,4,
880,1,1,"Potter, Mrs. Thomas Jr (Lily Alexenia Wilson)",1,56.0,0,1,11767,83.1583,C50,C,2,41.57915,Mrs,1,1,C,50,2,2,2,0.667
881,1,2,"Shelley, Mrs. William (Imanita Parrish Hall)",1,25.0,0,1,230433,26.0,,S,2,13.0,Mrs,1,0,,,,3,3,
882,0,3,"Markun, Mr. Johann",0,33.0,0,0,349257,7.8958,,S,1,7.8958,Mr,0,0,,,,4,4,
883,0,3,"Dahlberg, Miss. Gerda Ulrika",1,22.0,0,0,7552,10.5167,,S,1,10.5167,Miss,0,0,,,,4,4,
884,0,2,"Banfield, Mr. Frederick James",0,28.0,0,0,C.A./SOTON 34068,10.5,,S,1,10.5,Mr,0,0,,,,4,4,
885,0,3,"Sutehall, Mr. Henry Jr",0,25.0,0,0,SOTON/OQ 392076,7.05,,S,1,7.05,Mr,0,0,,,,4,4,
886,0,3,"Rice, Mrs. William (Margaret Norton)",1,39.0,0,5,382652,29.125,,Q,5,5.825,Mrs,5,0,,,,4,4,
887,0,2,"Montvila, Rev. Juozas",0,27.0,0,0,211536,13.0,,S,1,13.0,Rev,0,0,,,,3,3,
888,1,1,"Graham, Miss. Margaret Edith",1,19.0,0,0,112053,30.0,B42,S,1,30.0,Miss,0,1,B,42,1,1,1,0.5
889,0,3,"Johnston, Miss. Catherine Helen ""Carrie""",1,10.24,1,2,W./C. 6607,23.45,,S,2,11.725,Miss,3,0,,,,4,4,
890,1,1,"Behr, Mr. Karl Howell",0,26.0,0,0,111369,30.0,C148,C,1,30.0,Mr,0,1,C,148,2,2,2,1.0
891,0,3,"Dooley, Mr. Patrick",0,32.0,0,0,370376,7.75,,Q,1,7.75,Mr,0,0,,,,4,4,
